data,deposito,entrada,saida,estoque
2023-01-01,Ilhéus,59,42,1017
2023-01-02,Ilhéus,62,67,1012
2023-01-03,Ilhéus,45,41,1016
2023-01-04,Ilhéus,81,56,1041
2023-01-05,Ilhéus,40,53,1028
2023-01-06,Ilhéus,40,38,1030
2023-01-07,Ilhéus,54,16,1068
2023-01-08,Ilhéus,15,36,1047
2023-01-09,Ilhéus,29,49,1027
2023-01-10,Ilhéus,31,23,1035
2023-01-11,Ilhéus,79,41,1073
2023-01-12,Ilhéus,51,23,1101
2023-01-13,Ilhéus,39,46,1094
2023-01-14,Ilhéus,26,50,1070
2023-01-15,Ilhéus,37,40,1067
2023-01-16,Ilhéus,37,72,1032
2023-01-17,Ilhéus,49,29,1052
2023-01-18,Ilhéus,66,26,1092
2023-01-19,Ilhéus,54,15,1131
2023-01-20,Ilhéus,23,47,1107
2023-01-21,Ilhéus,64,47,1124
2023-01-22,Ilhéus,47,40,1131
2023-01-23,Ilhéus,20,34,1117
2023-01-24,Ilhéus,40,60,1097
2023-01-25,Ilhéus,56,18,1135
2023-01-26,Ilhéus,56,39,1152
2023-01-27,Ilhéus,36,54,1134
2023-01-28,Ilhéus,70,58,1146
2023-01-29,Ilhéus,33,40,1139
2023-01-30,Ilhéus,56,59,1136
2023-01-31,Ilhéus,40,42,1134
2023-02-01,Ilhéus,27,27,1134
2023-02-02,Ilhéus,66,65,1135
2023-02-03,Ilhéus,48,60,1123
2023-02-04,Ilhéus,57,35,1145
2023-02-05,Ilhéus,57,68,1134
2023-02-06,Ilhéus,49,68,1115
2023-02-07,Ilhéus,0,57,1058
2023-02-08,Ilhéus,51,40,1069
2023-02-09,Ilhéus,51,15,1105
2023-02-10,Ilhéus,45,50,1100
2023-02-11,Ilhéus,79,37,1142
2023-02-12,Ilhéus,33,37,1138
2023-02-13,Ilhéus,68,49,1157
2023-02-14,Ilhéus,39,52,1144
2023-02-15,Ilhéus,51,59,1136
2023-02-16,Ilhéus,35,40,1131
2023-02-17,Ilhéus,42,23,1150
2023-02-18,Ilhéus,55,48,1157
2023-02-19,Ilhéus,50,41,1166
2023-02-20,Ilhéus,21,38,1149
2023-02-21,Ilhéus,43,32,1160
2023-02-22,Ilhéus,46,51,1155
2023-02-23,Ilhéus,87,47,1195
2023-02-24,Ilhéus,55,43,1207
2023-02-25,Ilhéus,11,44,1174
2023-02-26,Ilhéus,51,81,1144
2023-02-27,Ilhéus,46,49,1141
2023-02-28,Ilhéus,49,27,1163
2023-03-01,Ilhéus,72,56,1179
2023-03-02,Ilhéus,65,31,1213
2023-03-03,Ilhéus,78,23,1268
2023-03-04,Ilhéus,61,77,1252
2023-03-05,Ilhéus,30,36,1246
2023-03-06,Ilhéus,51,37,1260
2023-03-07,Ilhéus,18,46,1232
2023-03-08,Ilhéus,28,52,1208
2023-03-09,Ilhéus,31,68,1171
2023-03-10,Ilhéus,34,40,1165
2023-03-11,Ilhéus,66,26,1205
2023-03-12,Ilhéus,54,64,1195
2023-03-13,Ilhéus,17,47,1165
2023-03-14,Ilhéus,55,56,1164
2023-03-15,Ilhéus,25,25,1164
2023-03-16,Ilhéus,60,49,1175
2023-03-17,Ilhéus,55,50,1180
2023-03-18,Ilhéus,36,48,1168
2023-03-19,Ilhéus,55,34,1189
2023-03-20,Ilhéus,87,52,1224
2023-03-21,Ilhéus,26,54,1196
2023-03-22,Ilhéus,30,56,1170
2023-03-23,Ilhéus,73,32,1211
2023-03-24,Ilhéus,69,51,1229
2023-03-25,Ilhéus,66,73,1222
2023-03-26,Ilhéus,45,33,1234
2023-03-27,Ilhéus,32,32,1234
2023-03-28,Ilhéus,48,50,1232
2023-03-29,Ilhéus,55,57,1230
2023-03-30,Ilhéus,50,66,1214
2023-03-31,Ilhéus,44,85,1173
2023-04-01,Ilhéus,62,32,1203
2023-04-02,Ilhéus,28,52,1179
2023-04-03,Ilhéus,45,55,1169
2023-04-04,Ilhéus,59,43,1185
2023-04-05,Ilhéus,33,22,1196
2023-04-06,Ilhéus,41,57,1180
2023-04-07,Ilhéus,54,26,1208
2023-04-08,Ilhéus,53,50,1211
2023-04-09,Ilhéus,32,47,1196
2023-04-10,Ilhéus,51,27,1220
2023-04-11,Ilhéus,57,53,1224
2023-04-12,Ilhéus,71,60,1235
2023-04-13,Ilhéus,22,30,1227
2023-04-14,Ilhéus,60,52,1235
2023-04-15,Ilhéus,60,102,1193
2023-04-16,Ilhéus,61,62,1192
2023-04-17,Ilhéus,69,54,1207
2023-04-18,Ilhéus,43,56,1194
2023-04-19,Ilhéus,34,41,1187
2023-04-20,Ilhéus,40,46,1181
2023-04-21,Ilhéus,96,16,1261
2023-04-22,Ilhéus,63,20,1304
2023-04-23,Ilhéus,40,61,1283
2023-04-24,Ilhéus,51,28,1306
2023-04-25,Ilhéus,35,55,1286
2023-04-26,Ilhéus,35,48,1273
2023-04-27,Ilhéus,50,35,1288
2023-04-28,Ilhéus,92,54,1326
2023-04-29,Ilhéus,9,47,1288
2023-04-30,Ilhéus,36,57,1267
2023-05-01,Ilhéus,34,43,1258
2023-05-02,Ilhéus,60,57,1261
2023-05-03,Ilhéus,25,39,1247
2023-05-04,Ilhéus,40,35,1252
2023-05-05,Ilhéus,85,51,1286
2023-05-06,Ilhéus,24,58,1252
2023-05-07,Ilhéus,92,60,1284
2023-05-08,Ilhéus,19,37,1266
2023-05-09,Ilhéus,75,34,1307
2023-05-10,Ilhéus,58,56,1309
2023-05-11,Ilhéus,31,44,1296
2023-05-12,Ilhéus,0,29,1267
2023-05-13,Ilhéus,44,26,1285
2023-05-14,Ilhéus,82,23,1344
2023-05-15,Ilhéus,41,46,1339
2023-05-16,Ilhéus,78,23,1394
2023-05-17,Ilhéus,73,45,1422
2023-05-18,Ilhéus,30,51,1401
2023-05-19,Ilhéus,53,35,1419
2023-05-20,Ilhéus,51,39,1431
2023-05-21,Ilhéus,52,54,1429
2023-05-22,Ilhéus,81,26,1484
2023-05-23,Ilhéus,92,15,1561
2023-05-24,Ilhéus,46,53,1554
2023-05-25,Ilhéus,55,35,1574
2023-05-26,Ilhéus,45,37,1582
2023-05-27,Ilhéus,38,57,1563
2023-05-28,Ilhéus,57,34,1586
2023-05-29,Ilhéus,67,49,1604
2023-05-30,Ilhéus,66,54,1616
2023-05-31,Ilhéus,33,36,1613
2023-06-01,Ilhéus,64,54,1623
2023-06-02,Ilhéus,49,46,1626
2023-06-03,Ilhéus,75,36,1665
2023-06-04,Ilhéus,60,41,1684
2023-06-05,Ilhéus,45,61,1668
2023-06-06,Ilhéus,66,57,1677
2023-06-07,Ilhéus,76,45,1708
2023-06-08,Ilhéus,63,40,1731
2023-06-09,Ilhéus,56,43,1744
2023-06-10,Ilhéus,51,53,1742
2023-06-11,Ilhéus,33,76,1699
2023-06-12,Ilhéus,29,26,1702
2023-06-13,Ilhéus,73,56,1719
2023-06-14,Ilhéus,62,54,1727
2023-06-15,Ilhéus,49,31,1745
2023-06-16,Ilhéus,51,34,1762
2023-06-17,Ilhéus,69,42,1789
2023-06-18,Ilhéus,33,40,1782
2023-06-19,Ilhéus,58,36,1804
2023-06-20,Ilhéus,33,48,1789
2023-06-21,Ilhéus,54,37,1806
2023-06-22,Ilhéus,40,48,1798
2023-06-23,Ilhéus,21,23,1796
2023-06-24,Ilhéus,35,41,1790
2023-06-25,Ilhéus,56,67,1779
2023-06-26,Ilhéus,67,42,1804
2023-06-27,Ilhéus,49,29,1824
2023-06-28,Ilhéus,49,40,1833
2023-06-29,Ilhéus,56,32,1857
2023-06-30,Ilhéus,60,67,1850
2023-07-01,Ilhéus,47,51,1846
2023-07-02,Ilhéus,63,38,1871
2023-07-03,Ilhéus,54,45,1880
2023-07-04,Ilhéus,51,33,1898
2023-07-05,Ilhéus,50,52,1896
2023-07-06,Ilhéus,79,59,1916
2023-07-07,Ilhéus,93,33,1976
2023-07-08,Ilhéus,67,47,1996
2023-07-09,Ilhéus,93,32,2057
2023-07-10,Ilhéus,33,36,2054
2023-07-11,Ilhéus,7,37,2024
2023-07-12,Ilhéus,34,47,2011
2023-07-13,Ilhéus,56,73,1994
2023-07-14,Ilhéus,69,36,2027
2023-07-15,Ilhéus,32,52,2007
2023-07-16,Ilhéus,23,72,1958
2023-07-17,Ilhéus,73,37,1994
2023-07-18,Ilhéus,15,65,1944
2023-07-19,Ilhéus,47,63,1928
2023-07-20,Ilhéus,18,36,1910
2023-07-21,Ilhéus,50,45,1915
2023-07-22,Ilhéus,40,54,1901
2023-07-23,Ilhéus,28,42,1887
2023-07-24,Ilhéus,52,52,1887
2023-07-25,Ilhéus,64,28,1923
2023-07-26,Ilhéus,19,64,1878
2023-07-27,Ilhéus,56,33,1901
2023-07-28,Ilhéus,81,46,1936
2023-07-29,Ilhéus,73,46,1963
2023-07-30,Ilhéus,91,71,1983
2023-07-31,Ilhéus,45,59,1969
2023-08-01,Ilhéus,62,65,1966
2023-08-02,Ilhéus,30,55,1941
2023-08-03,Ilhéus,71,18,1994
2023-08-04,Ilhéus,26,14,2006
2023-08-05,Ilhéus,44,55,1995
2023-08-06,Ilhéus,80,46,2029
2023-08-07,Ilhéus,82,24,2087
2023-08-08,Ilhéus,15,44,2058
2023-08-09,Ilhéus,57,44,2071
2023-08-10,Ilhéus,8,43,2036
2023-08-11,Ilhéus,23,55,2004
2023-08-12,Ilhéus,57,30,2031
2023-08-13,Ilhéus,39,29,2041
2023-08-14,Ilhéus,48,59,2030
2023-08-15,Ilhéus,30,52,2008
2023-08-16,Ilhéus,39,33,2014
2023-08-17,Ilhéus,47,29,2032
2023-08-18,Ilhéus,38,27,2043
2023-08-19,Ilhéus,89,45,2087
2023-08-20,Ilhéus,36,48,2075
2023-08-21,Ilhéus,47,41,2081
2023-08-22,Ilhéus,62,56,2087
2023-08-23,Ilhéus,39,36,2090
2023-08-24,Ilhéus,44,10,2124
2023-08-25,Ilhéus,19,65,2078
2023-08-26,Ilhéus,82,41,2119
2023-08-27,Ilhéus,61,49,2131
2023-08-28,Ilhéus,111,61,2181
2023-08-29,Ilhéus,47,30,2198
2023-08-30,Ilhéus,17,48,2167
2023-08-31,Ilhéus,34,23,2178
2023-09-01,Ilhéus,37,28,2187
2023-09-02,Ilhéus,83,58,2212
2023-09-03,Ilhéus,49,67,2194
2023-09-04,Ilhéus,51,32,2213
2023-09-05,Ilhéus,80,53,2240
2023-09-06,Ilhéus,29,42,2227
2023-09-07,Ilhéus,32,24,2235
2023-09-08,Ilhéus,68,73,2230
2023-09-09,Ilhéus,22,53,2199
2023-09-10,Ilhéus,36,37,2198
2023-09-11,Ilhéus,38,32,2204
2023-09-12,Ilhéus,50,32,2222
2023-09-13,Ilhéus,55,44,2233
2023-09-14,Ilhéus,45,31,2247
2023-09-15,Ilhéus,38,56,2229
2023-09-16,Ilhéus,60,30,2259
2023-09-17,Ilhéus,51,56,2254
2023-09-18,Ilhéus,16,53,2217
2023-09-19,Ilhéus,36,53,2200
2023-09-20,Ilhéus,34,17,2217
2023-09-21,Ilhéus,17,45,2189
2023-09-22,Ilhéus,55,31,2213
2023-09-23,Ilhéus,62,20,2255
2023-09-24,Ilhéus,48,26,2277
2023-09-25,Ilhéus,36,45,2268
2023-09-26,Ilhéus,32,39,2261
2023-09-27,Ilhéus,70,36,2295
2023-09-28,Ilhéus,66,28,2333
2023-09-29,Ilhéus,60,66,2327
2023-09-30,Ilhéus,0,33,2294
2023-10-01,Ilhéus,61,41,2314
2023-10-02,Ilhéus,57,35,2336
2023-10-03,Ilhéus,51,42,2345
2023-10-04,Ilhéus,73,48,2370
2023-10-05,Ilhéus,56,38,2388
2023-10-06,Ilhéus,40,38,2390
2023-10-07,Ilhéus,57,38,2409
2023-10-08,Ilhéus,55,76,2388
2023-10-09,Ilhéus,67,40,2415
2023-10-10,Ilhéus,74,38,2451
2023-10-11,Ilhéus,9,29,2431
2023-10-12,Ilhéus,12,39,2404
2023-10-13,Ilhéus,50,70,2384
2023-10-14,Ilhéus,56,41,2399
2023-10-15,Ilhéus,66,11,2454
2023-10-16,Ilhéus,54,56,2452
2023-10-17,Ilhéus,20,62,2410
2023-10-18,Ilhéus,56,38,2428
2023-10-19,Ilhéus,62,79,2411
2023-10-20,Ilhéus,53,48,2416
2023-10-21,Ilhéus,40,32,2424
2023-10-22,Ilhéus,66,32,2458
2023-10-23,Ilhéus,51,37,2472
2023-10-24,Ilhéus,59,50,2481
2023-10-25,Ilhéus,70,37,2514
2023-10-26,Ilhéus,44,30,2528
2023-10-27,Ilhéus,41,50,2519
2023-10-28,Ilhéus,65,31,2553
2023-10-29,Ilhéus,67,65,2555
2023-10-30,Ilhéus,58,73,2540
2023-10-31,Ilhéus,34,26,2548
2023-11-01,Ilhéus,14,67,2495
2023-11-02,Ilhéus,63,44,2514
2023-11-03,Ilhéus,55,28,2541
2023-11-04,Ilhéus,98,46,2593
2023-11-05,Ilhéus,52,55,2590
2023-11-06,Ilhéus,59,48,2601
2023-11-07,Ilhéus,34,52,2583
2023-11-08,Ilhéus,87,65,2605
2023-11-09,Ilhéus,81,37,2649
2023-11-10,Ilhéus,30,43,2636
2023-11-11,Ilhéus,51,61,2626
2023-11-12,Ilhéus,16,67,2575
2023-11-13,Ilhéus,46,38,2583
2023-11-14,Ilhéus,29,20,2592
2023-11-15,Ilhéus,66,46,2612
2023-11-16,Ilhéus,24,25,2611
2023-11-17,Ilhéus,43,70,2584
2023-11-18,Ilhéus,44,22,2606
2023-11-19,Ilhéus,45,40,2611
2023-11-20,Ilhéus,0,44,2567
2023-11-21,Ilhéus,45,55,2557
2023-11-22,Ilhéus,86,61,2582
2023-11-23,Ilhéus,44,28,2598
2023-11-24,Ilhéus,101,45,2654
2023-11-25,Ilhéus,50,44,2660
2023-11-26,Ilhéus,53,42,2671
2023-11-27,Ilhéus,38,36,2673
2023-11-28,Ilhéus,49,36,2686
2023-11-29,Ilhéus,35,46,2675
2023-11-30,Ilhéus,44,67,2652
2023-12-01,Ilhéus,0,61,2591
2023-12-02,Ilhéus,74,13,2652
2023-12-03,Ilhéus,43,39,2656
2023-12-04,Ilhéus,21,33,2644
2023-12-05,Ilhéus,27,71,2600
2023-12-06,Ilhéus,68,64,2604
2023-12-07,Ilhéus,64,28,2640
2023-12-08,Ilhéus,39,52,2627
2023-12-09,Ilhéus,25,55,2597
2023-12-10,Ilhéus,45,39,2603
2023-12-11,Ilhéus,64,51,2616
2023-12-12,Ilhéus,42,62,2596
2023-12-13,Ilhéus,28,54,2570
2023-12-14,Ilhéus,61,40,2591
2023-12-15,Ilhéus,56,26,2621
2023-12-16,Ilhéus,68,42,2647
2023-12-17,Ilhéus,39,60,2626
2023-12-18,Ilhéus,35,23,2638
2023-12-19,Ilhéus,18,54,2602
2023-12-20,Ilhéus,24,71,2555
2023-12-21,Ilhéus,8,70,2493
2023-12-22,Ilhéus,54,43,2504
2023-12-23,Ilhéus,39,50,2493
2023-12-24,Ilhéus,49,61,2481
2023-12-25,Ilhéus,52,47,2486
2023-12-26,Ilhéus,42,44,2484
2023-12-27,Ilhéus,56,19,2521
2023-12-28,Ilhéus,23,56,2488
2023-12-29,Ilhéus,53,42,2499
2023-12-30,Ilhéus,50,50,2499
2023-12-31,Ilhéus,39,33,2505
2024-01-01,Ilhéus,53,30,2528
2024-01-02,Ilhéus,58,19,2567
2024-01-03,Ilhéus,70,52,2585
2024-01-04,Ilhéus,55,59,2581
2024-01-05,Ilhéus,83,60,2604
2024-01-06,Ilhéus,13,25,2592
2024-01-07,Ilhéus,37,45,2584
2024-01-08,Ilhéus,60,34,2610
2024-01-09,Ilhéus,53,33,2630
2024-01-10,Ilhéus,37,23,2644
2024-01-11,Ilhéus,31,24,2651
2024-01-12,Ilhéus,30,60,2621
2024-01-13,Ilhéus,31,84,2568
2024-01-14,Ilhéus,59,47,2580
2024-01-15,Ilhéus,32,55,2557
2024-01-16,Ilhéus,38,46,2549
2024-01-17,Ilhéus,101,43,2607
2024-01-18,Ilhéus,72,34,2645
2024-01-19,Ilhéus,49,71,2623
2024-01-20,Ilhéus,37,72,2588
2024-01-21,Ilhéus,64,36,2616
2024-01-22,Ilhéus,62,59,2619
2024-01-23,Ilhéus,62,21,2660
2024-01-24,Ilhéus,35,41,2654
2024-01-25,Ilhéus,48,54,2648
2024-01-26,Ilhéus,53,24,2677
2024-01-27,Ilhéus,57,54,2680
2024-01-28,Ilhéus,61,61,2680
2024-01-29,Ilhéus,66,51,2695
2024-01-30,Ilhéus,48,20,2723
2024-01-31,Ilhéus,58,48,2733
2024-02-01,Ilhéus,55,25,2763
2024-02-02,Ilhéus,28,60,2731
2024-02-03,Ilhéus,49,55,2725
2024-02-04,Ilhéus,50,45,2730
2024-02-05,Ilhéus,68,37,2761
2024-02-06,Ilhéus,51,38,2774
2024-02-07,Ilhéus,41,40,2775
2024-02-08,Ilhéus,54,37,2792
2024-02-09,Ilhéus,75,31,2836
2024-02-10,Ilhéus,46,38,2844
2024-02-11,Ilhéus,78,47,2875
2024-02-12,Ilhéus,70,22,2923
2024-02-13,Ilhéus,55,58,2920
2024-02-14,Ilhéus,51,60,2911
2024-02-15,Ilhéus,39,66,2884
2024-02-16,Ilhéus,95,39,2940
2024-02-17,Ilhéus,41,66,2915
2024-02-18,Ilhéus,81,37,2959
2024-02-19,Ilhéus,41,40,2960
2024-02-20,Ilhéus,23,31,2952
2024-02-21,Ilhéus,29,33,2948
2024-02-22,Ilhéus,49,48,2949
2024-02-23,Ilhéus,81,30,3000
2024-02-24,Ilhéus,69,41,3028
2024-02-25,Ilhéus,49,55,3022
2024-02-26,Ilhéus,27,50,2999
2024-02-27,Ilhéus,53,52,3000
2024-02-28,Ilhéus,55,81,2974
2024-02-29,Ilhéus,37,37,2974
2024-03-01,Ilhéus,37,36,2975
2024-03-02,Ilhéus,37,62,2950
2024-03-03,Ilhéus,78,36,2992
2024-03-04,Ilhéus,33,52,2973
2024-03-05,Ilhéus,38,54,2957
2024-03-06,Ilhéus,54,22,2989
2024-03-07,Ilhéus,80,71,2998
2024-03-08,Ilhéus,37,39,2996
2024-03-09,Ilhéus,55,50,3001
2024-03-10,Ilhéus,63,75,2989
2024-03-11,Ilhéus,46,33,3002
2024-03-12,Ilhéus,22,34,2990
2024-03-13,Ilhéus,49,71,2968
2024-03-14,Ilhéus,39,48,2959
2024-03-15,Ilhéus,49,62,2946
2024-03-16,Ilhéus,100,37,3009
2024-03-17,Ilhéus,40,60,2989
2024-03-18,Ilhéus,63,72,2980
2024-03-19,Ilhéus,61,39,3002
2024-03-20,Ilhéus,61,61,3002
2024-03-21,Ilhéus,66,52,3016
2024-03-22,Ilhéus,71,62,3025
2024-03-23,Ilhéus,77,54,3048
2024-03-24,Ilhéus,46,47,3047
2024-03-25,Ilhéus,74,32,3089
2024-03-26,Ilhéus,57,39,3107
2024-03-27,Ilhéus,50,64,3093
2024-03-28,Ilhéus,53,45,3101
2024-03-29,Ilhéus,22,56,3067
2024-03-30,Ilhéus,62,77,3052
2024-03-31,Ilhéus,43,48,3047
2024-04-01,Ilhéus,54,68,3033
2024-04-02,Ilhéus,48,49,3032
2024-04-03,Ilhéus,62,47,3047
2024-04-04,Ilhéus,41,47,3041
2024-04-05,Ilhéus,71,29,3083
2024-04-06,Ilhéus,52,34,3101
2024-04-07,Ilhéus,73,22,3152
2024-04-08,Ilhéus,38,50,3140
2024-04-09,Ilhéus,81,44,3177
2024-04-10,Ilhéus,38,73,3142
2024-04-11,Ilhéus,21,12,3151
2024-04-12,Ilhéus,58,37,3172
2024-04-13,Ilhéus,29,55,3146
2024-04-14,Ilhéus,54,36,3164
2024-04-15,Ilhéus,24,58,3130
2024-04-16,Ilhéus,63,43,3150
2024-04-17,Ilhéus,86,28,3208
2024-04-18,Ilhéus,19,34,3193
2024-04-19,Ilhéus,49,48,3194
2024-04-20,Ilhéus,45,50,3189
2024-04-21,Ilhéus,24,66,3147
2024-04-22,Ilhéus,48,61,3134
2024-04-23,Ilhéus,56,51,3139
2024-04-24,Ilhéus,61,51,3149
2024-04-25,Ilhéus,62,64,3147
2024-04-26,Ilhéus,53,55,3145
2024-04-27,Ilhéus,48,66,3127
2024-04-28,Ilhéus,36,72,3091
2024-04-29,Ilhéus,49,23,3117
2024-04-30,Ilhéus,52,34,3135
2024-05-01,Ilhéus,66,35,3166
2024-05-02,Ilhéus,41,16,3191
2024-05-03,Ilhéus,40,8,3223
2024-05-04,Ilhéus,18,56,3185
2024-05-05,Ilhéus,65,51,3199
2024-05-06,Ilhéus,30,44,3185
2024-05-07,Ilhéus,49,27,3207
2024-05-08,Ilhéus,80,58,3229
2024-05-09,Ilhéus,45,45,3229
2024-05-10,Ilhéus,54,14,3269
2024-05-11,Ilhéus,45,34,3280
2024-05-12,Ilhéus,29,40,3269
2024-05-13,Ilhéus,85,54,3300
2024-05-14,Ilhéus,38,53,3285
2024-05-15,Ilhéus,77,58,3304
2024-05-16,Ilhéus,51,35,3320
2024-05-17,Ilhéus,63,50,3333
2024-05-18,Ilhéus,67,54,3346
2024-05-19,Ilhéus,70,36,3380
2024-05-20,Ilhéus,76,47,3409
2024-05-21,Ilhéus,91,34,3466
2024-05-22,Ilhéus,84,47,3503
2024-05-23,Ilhéus,36,37,3502
2024-05-24,Ilhéus,43,51,3494
2024-05-25,Ilhéus,60,36,3518
2024-05-26,Ilhéus,49,77,3490
2024-05-27,Ilhéus,84,51,3523
2024-05-28,Ilhéus,50,46,3527
2024-05-29,Ilhéus,62,29,3560
2024-05-30,Ilhéus,44,19,3585
2024-05-31,Ilhéus,57,54,3588
2024-06-01,Ilhéus,40,68,3560
2024-06-02,Ilhéus,25,23,3562
2024-06-03,Ilhéus,54,60,3556
2024-06-04,Ilhéus,83,38,3601
2024-06-05,Ilhéus,71,44,3628
2024-06-06,Ilhéus,46,58,3616
2024-06-07,Ilhéus,63,21,3658
2024-06-08,Ilhéus,79,65,3672
2024-06-09,Ilhéus,37,50,3659
2024-06-10,Ilhéus,59,48,3670
2024-06-11,Ilhéus,38,34,3674
2024-06-12,Ilhéus,49,62,3661
2024-06-13,Ilhéus,60,39,3682
2024-06-14,Ilhéus,65,2,3745
2024-06-15,Ilhéus,72,18,3799
2024-06-16,Ilhéus,42,28,3813
2024-06-17,Ilhéus,24,62,3775
2024-06-18,Ilhéus,40,50,3765
2024-06-19,Ilhéus,49,52,3762
2024-06-20,Ilhéus,51,25,3788
2024-06-21,Ilhéus,69,37,3820
2024-06-22,Ilhéus,18,38,3800
2024-06-23,Ilhéus,80,57,3823
2024-06-24,Ilhéus,43,39,3827
2024-06-25,Ilhéus,43,76,3794
2024-06-26,Ilhéus,57,51,3800
2024-06-27,Ilhéus,70,48,3822
2024-06-28,Ilhéus,44,42,3824
2024-06-29,Ilhéus,48,44,3828
2024-06-30,Ilhéus,64,45,3847
2024-07-01,Ilhéus,64,43,3868
2024-07-02,Ilhéus,51,15,3904
2024-07-03,Ilhéus,68,50,3922
2024-07-04,Ilhéus,69,1,3990
2024-07-05,Ilhéus,91,42,4039
2024-07-06,Ilhéus,72,29,4082
2024-07-07,Ilhéus,62,29,4115
2024-07-08,Ilhéus,37,73,4079
2024-07-09,Ilhéus,46,48,4077
2024-07-10,Ilhéus,67,52,4092
2024-07-11,Ilhéus,53,50,4095
2024-07-12,Ilhéus,98,44,4149
2024-07-13,Ilhéus,54,60,4143
2024-07-14,Ilhéus,72,62,4153
2024-07-15,Ilhéus,62,27,4188
2024-07-16,Ilhéus,82,27,4243
2024-07-17,Ilhéus,56,33,4266
2024-07-18,Ilhéus,48,49,4265
2024-07-19,Ilhéus,56,51,4270
2024-07-20,Ilhéus,82,51,4301
2024-07-21,Ilhéus,45,59,4287
2024-07-22,Ilhéus,73,26,4334
2024-07-23,Ilhéus,61,55,4340
2024-07-24,Ilhéus,44,65,4319
2024-07-25,Ilhéus,46,46,4319
2024-07-26,Ilhéus,46,45,4320
2024-07-27,Ilhéus,28,23,4325
2024-07-28,Ilhéus,81,32,4374
2024-07-29,Ilhéus,30,12,4392
2024-07-30,Ilhéus,37,25,4404
2024-07-31,Ilhéus,82,60,4426
2024-08-01,Ilhéus,36,78,4384
2024-08-02,Ilhéus,69,40,4413
2024-08-03,Ilhéus,0,79,4334
2024-08-04,Ilhéus,22,20,4336
2024-08-05,Ilhéus,70,81,4325
2024-08-06,Ilhéus,77,53,4349
2024-08-07,Ilhéus,61,57,4353
2024-08-08,Ilhéus,65,49,4369
2024-08-09,Ilhéus,52,44,4377
2024-08-10,Ilhéus,34,40,4371
2024-08-11,Ilhéus,16,43,4344
2024-08-12,Ilhéus,30,28,4346
2024-08-13,Ilhéus,53,65,4334
2024-08-14,Ilhéus,68,21,4381
2024-08-15,Ilhéus,30,59,4352
2024-08-16,Ilhéus,30,41,4341
2024-08-17,Ilhéus,61,30,4372
2024-08-18,Ilhéus,52,24,4400
2024-08-19,Ilhéus,37,49,4388
2024-08-20,Ilhéus,18,51,4355
2024-08-21,Ilhéus,49,53,4351
2024-08-22,Ilhéus,54,65,4340
2024-08-23,Ilhéus,52,38,4354
2024-08-24,Ilhéus,52,53,4353
2024-08-25,Ilhéus,50,45,4358
2024-08-26,Ilhéus,35,35,4358
2024-08-27,Ilhéus,21,71,4308
2024-08-28,Ilhéus,25,34,4299
2024-08-29,Ilhéus,35,58,4276
2024-08-30,Ilhéus,44,63,4257
2024-08-31,Ilhéus,36,49,4244
2024-09-01,Ilhéus,33,77,4200
2024-09-02,Ilhéus,26,49,4177
2024-09-03,Ilhéus,62,51,4188
2024-09-04,Ilhéus,46,43,4191
2024-09-05,Ilhéus,50,42,4199
2024-09-06,Ilhéus,69,78,4190
2024-09-07,Ilhéus,38,24,4204
2024-09-08,Ilhéus,48,83,4169
2024-09-09,Ilhéus,33,69,4133
2024-09-10,Ilhéus,83,36,4180
2024-09-11,Ilhéus,61,69,4172
2024-09-12,Ilhéus,42,41,4173
2024-09-13,Ilhéus,38,29,4182
2024-09-14,Ilhéus,37,26,4193
2024-09-15,Ilhéus,50,33,4210
2024-09-16,Ilhéus,54,21,4243
2024-09-17,Ilhéus,56,57,4242
2024-09-18,Ilhéus,10,50,4202
2024-09-19,Ilhéus,74,26,4250
2024-09-20,Ilhéus,83,51,4282
2024-09-21,Ilhéus,35,44,4273
2024-09-22,Ilhéus,61,46,4288
2024-09-23,Ilhéus,60,31,4317
2024-09-24,Ilhéus,53,23,4347
2024-09-25,Ilhéus,47,31,4363
2024-09-26,Ilhéus,35,63,4335
2024-09-27,Ilhéus,71,54,4352
2024-09-28,Ilhéus,28,40,4340
2024-09-29,Ilhéus,74,47,4367
2024-09-30,Ilhéus,96,50,4413
2024-10-01,Ilhéus,53,40,4426
2024-10-02,Ilhéus,52,42,4436
2024-10-03,Ilhéus,64,59,4441
2024-10-04,Ilhéus,34,25,4450
2024-10-05,Ilhéus,13,52,4411
2024-10-06,Ilhéus,27,12,4426
2024-10-07,Ilhéus,57,82,4401
2024-10-08,Ilhéus,49,57,4393
2024-10-09,Ilhéus,51,43,4401
2024-10-10,Ilhéus,68,40,4429
2024-10-11,Ilhéus,55,49,4435
2024-10-12,Ilhéus,36,59,4412
2024-10-13,Ilhéus,46,33,4425
2024-10-14,Ilhéus,60,31,4454
2024-10-15,Ilhéus,50,44,4460
2024-10-16,Ilhéus,71,52,4479
2024-10-17,Ilhéus,49,57,4471
2024-10-18,Ilhéus,77,53,4495
2024-10-19,Ilhéus,50,25,4520
2024-10-20,Ilhéus,28,40,4508
2024-10-21,Ilhéus,37,42,4503
2024-10-22,Ilhéus,51,52,4502
2024-10-23,Ilhéus,48,52,4498
2024-10-24,Ilhéus,51,15,4534
2024-10-25,Ilhéus,31,42,4523
2024-10-26,Ilhéus,25,53,4495
2024-10-27,Ilhéus,80,63,4512
2024-10-28,Ilhéus,45,67,4490
2024-10-29,Ilhéus,52,39,4503
2024-10-30,Ilhéus,37,40,4500
2024-10-31,Ilhéus,42,47,4495
2024-11-01,Ilhéus,53,45,4503
2024-11-02,Ilhéus,58,62,4499
2024-11-03,Ilhéus,68,22,4545
2024-11-04,Ilhéus,0,59,4486
2024-11-05,Ilhéus,22,41,4467
2024-11-06,Ilhéus,26,17,4476
2024-11-07,Ilhéus,60,56,4480
2024-11-08,Ilhéus,38,6,4512
2024-11-09,Ilhéus,39,50,4501
2024-11-10,Ilhéus,20,47,4474
2024-11-11,Ilhéus,49,53,4470
2024-11-12,Ilhéus,52,30,4492
2024-11-13,Ilhéus,73,42,4523
2024-11-14,Ilhéus,49,31,4541
2024-11-15,Ilhéus,41,31,4551
2024-11-16,Ilhéus,46,70,4527
2024-11-17,Ilhéus,22,20,4529
2024-11-18,Ilhéus,79,41,4567
2024-11-19,Ilhéus,36,60,4543
2024-11-20,Ilhéus,37,72,4508
2024-11-21,Ilhéus,63,37,4534
2024-11-22,Ilhéus,93,35,4592
2024-11-23,Ilhéus,64,49,4607
2024-11-24,Ilhéus,76,68,4615
2024-11-25,Ilhéus,50,33,4632
2024-11-26,Ilhéus,59,34,4657
2024-11-27,Ilhéus,90,47,4700
2024-11-28,Ilhéus,42,47,4695
2024-11-29,Ilhéus,23,30,4688
2024-11-30,Ilhéus,74,35,4727
2024-12-01,Ilhéus,29,53,4703
2024-12-02,Ilhéus,73,55,4721
2024-12-03,Ilhéus,69,33,4757
2024-12-04,Ilhéus,21,67,4711
2024-12-05,Ilhéus,43,41,4713
2024-12-06,Ilhéus,76,53,4736
2024-12-07,Ilhéus,59,77,4718
2024-12-08,Ilhéus,37,58,4697
2024-12-09,Ilhéus,51,49,4699
2024-12-10,Ilhéus,80,52,4727
2024-12-11,Ilhéus,60,61,4726
2024-12-12,Ilhéus,42,32,4736
2024-12-13,Ilhéus,29,15,4750
2024-12-14,Ilhéus,91,28,4813
2024-12-15,Ilhéus,45,40,4818
2024-12-16,Ilhéus,56,57,4817
2024-12-17,Ilhéus,67,36,4848
2024-12-18,Ilhéus,46,49,4845
2024-12-19,Ilhéus,45,69,4821
2024-12-20,Ilhéus,59,56,4824
2024-12-21,Ilhéus,63,62,4825
2024-12-22,Ilhéus,53,25,4853
2024-12-23,Ilhéus,57,35,4875
2024-12-24,Ilhéus,39,53,4861
2024-12-25,Ilhéus,74,45,4890
2024-12-26,Ilhéus,56,70,4876
2024-12-27,Ilhéus,54,84,4846
2024-12-28,Ilhéus,61,18,4889
2024-12-29,Ilhéus,65,50,4904
2024-12-30,Ilhéus,75,55,4924
2024-12-31,Ilhéus,47,26,4945
2023-01-01,Itabuna,45,32,1013
2023-01-02,Itabuna,38,53,998
2023-01-03,Itabuna,83,50,1031
2023-01-04,Itabuna,26,51,1006
2023-01-05,Itabuna,73,35,1044
2023-01-06,Itabuna,47,45,1046
2023-01-07,Itabuna,34,54,1026
2023-01-08,Itabuna,47,51,1022
2023-01-09,Itabuna,32,38,1016
2023-01-10,Itabuna,64,39,1041
2023-01-11,Itabuna,84,39,1086
2023-01-12,Itabuna,54,58,1082
2023-01-13,Itabuna,21,18,1085
2023-01-14,Itabuna,19,63,1041
2023-01-15,Itabuna,38,83,996
2023-01-16,Itabuna,38,47,987
2023-01-17,Itabuna,80,75,992
2023-01-18,Itabuna,91,63,1020
2023-01-19,Itabuna,70,53,1037
2023-01-20,Itabuna,65,36,1066
2023-01-21,Itabuna,33,44,1055
2023-01-22,Itabuna,46,38,1063
2023-01-23,Itabuna,63,59,1067
2023-01-24,Itabuna,51,67,1051
2023-01-25,Itabuna,27,42,1036
2023-01-26,Itabuna,35,17,1054
2023-01-27,Itabuna,48,43,1059
2023-01-28,Itabuna,80,54,1085
2023-01-29,Itabuna,29,72,1042
2023-01-30,Itabuna,74,53,1063
2023-01-31,Itabuna,45,30,1078
2023-02-01,Itabuna,42,61,1059
2023-02-02,Itabuna,87,68,1078
2023-02-03,Itabuna,40,28,1090
2023-02-04,Itabuna,52,18,1124
2023-02-05,Itabuna,56,42,1138
2023-02-06,Itabuna,40,21,1157
2023-02-07,Itabuna,60,37,1180
2023-02-08,Itabuna,26,1,1205
2023-02-09,Itabuna,49,71,1183
2023-02-10,Itabuna,83,38,1228
2023-02-11,Itabuna,37,52,1213
2023-02-12,Itabuna,30,49,1194
2023-02-13,Itabuna,65,63,1196
2023-02-14,Itabuna,47,41,1202
2023-02-15,Itabuna,32,32,1202
2023-02-16,Itabuna,45,50,1197
2023-02-17,Itabuna,68,32,1233
2023-02-18,Itabuna,79,40,1272
2023-02-19,Itabuna,49,33,1288
2023-02-20,Itabuna,1,58,1231
2023-02-21,Itabuna,64,40,1255
2023-02-22,Itabuna,51,52,1254
2023-02-23,Itabuna,18,37,1235
2023-02-24,Itabuna,65,26,1274
2023-02-25,Itabuna,55,24,1305
2023-02-26,Itabuna,59,44,1320
2023-02-27,Itabuna,17,62,1275
2023-02-28,Itabuna,35,32,1278
2023-03-01,Itabuna,54,62,1270
2023-03-02,Itabuna,29,45,1254
2023-03-03,Itabuna,58,55,1257
2023-03-04,Itabuna,53,39,1271
2023-03-05,Itabuna,33,46,1258
2023-03-06,Itabuna,28,1,1285
2023-03-07,Itabuna,58,58,1285
2023-03-08,Itabuna,2,29,1258
2023-03-09,Itabuna,62,75,1245
2023-03-10,Itabuna,50,34,1261
2023-03-11,Itabuna,46,65,1242
2023-03-12,Itabuna,37,33,1246
2023-03-13,Itabuna,40,30,1256
2023-03-14,Itabuna,52,69,1239
2023-03-15,Itabuna,56,41,1254
2023-03-16,Itabuna,44,21,1277
2023-03-17,Itabuna,67,43,1301
2023-03-18,Itabuna,46,92,1255
2023-03-19,Itabuna,55,33,1277
2023-03-20,Itabuna,41,62,1256
2023-03-21,Itabuna,52,23,1285
2023-03-22,Itabuna,68,34,1319
2023-03-23,Itabuna,87,61,1345
2023-03-24,Itabuna,41,64,1322
2023-03-25,Itabuna,51,57,1316
2023-03-26,Itabuna,59,32,1343
2023-03-27,Itabuna,37,60,1320
2023-03-28,Itabuna,43,38,1325
2023-03-29,Itabuna,30,51,1304
2023-03-30,Itabuna,91,28,1367
2023-03-31,Itabuna,50,66,1351
2023-04-01,Itabuna,48,51,1348
2023-04-02,Itabuna,28,51,1325
2023-04-03,Itabuna,46,59,1312
2023-04-04,Itabuna,73,83,1302
2023-04-05,Itabuna,61,49,1314
2023-04-06,Itabuna,53,39,1328
2023-04-07,Itabuna,56,40,1344
2023-04-08,Itabuna,53,64,1333
2023-04-09,Itabuna,29,62,1300
2023-04-10,Itabuna,76,43,1333
2023-04-11,Itabuna,7,35,1305
2023-04-12,Itabuna,75,44,1336
2023-04-13,Itabuna,30,37,1329
2023-04-14,Itabuna,66,53,1342
2023-04-15,Itabuna,45,39,1348
2023-04-16,Itabuna,42,31,1359
2023-04-17,Itabuna,82,40,1401
2023-04-18,Itabuna,74,67,1408
2023-04-19,Itabuna,69,38,1439
2023-04-20,Itabuna,58,44,1453
2023-04-21,Itabuna,31,49,1435
2023-04-22,Itabuna,26,62,1399
2023-04-23,Itabuna,40,48,1391
2023-04-24,Itabuna,55,41,1405
2023-04-25,Itabuna,61,37,1429
2023-04-26,Itabuna,67,24,1472
2023-04-27,Itabuna,52,74,1450
2023-04-28,Itabuna,29,34,1445
2023-04-29,Itabuna,60,47,1458
2023-04-30,Itabuna,57,52,1463
2023-05-01,Itabuna,62,61,1464
2023-05-02,Itabuna,58,41,1481
2023-05-03,Itabuna,63,73,1471
2023-05-04,Itabuna,47,30,1488
2023-05-05,Itabuna,72,43,1517
2023-05-06,Itabuna,6,57,1466
2023-05-07,Itabuna,39,43,1462
2023-05-08,Itabuna,56,47,1471
2023-05-09,Itabuna,64,38,1497
2023-05-10,Itabuna,60,41,1516
2023-05-11,Itabuna,64,54,1526
2023-05-12,Itabuna,31,61,1496
2023-05-13,Itabuna,39,57,1478
2023-05-14,Itabuna,57,72,1463
2023-05-15,Itabuna,45,39,1469
2023-05-16,Itabuna,49,40,1478
2023-05-17,Itabuna,65,20,1523
2023-05-18,Itabuna,28,28,1523
2023-05-19,Itabuna,69,70,1522
2023-05-20,Itabuna,47,42,1527
2023-05-21,Itabuna,51,62,1516
2023-05-22,Itabuna,31,48,1499
2023-05-23,Itabuna,69,52,1516
2023-05-24,Itabuna,53,60,1509
2023-05-25,Itabuna,0,55,1454
2023-05-26,Itabuna,36,17,1473
2023-05-27,Itabuna,60,65,1468
2023-05-28,Itabuna,47,59,1456
2023-05-29,Itabuna,82,64,1474
2023-05-30,Itabuna,82,56,1500
2023-05-31,Itabuna,51,20,1531
2023-06-01,Itabuna,45,32,1544
2023-06-02,Itabuna,93,42,1595
2023-06-03,Itabuna,52,53,1594
2023-06-04,Itabuna,50,70,1574
2023-06-05,Itabuna,37,47,1564
2023-06-06,Itabuna,35,25,1574
2023-06-07,Itabuna,37,44,1567
2023-06-08,Itabuna,41,34,1574
2023-06-09,Itabuna,21,43,1552
2023-06-10,Itabuna,19,56,1515
2023-06-11,Itabuna,51,23,1543
2023-06-12,Itabuna,43,33,1553
2023-06-13,Itabuna,56,65,1544
2023-06-14,Itabuna,12,46,1510
2023-06-15,Itabuna,46,55,1501
2023-06-16,Itabuna,54,33,1522
2023-06-17,Itabuna,43,33,1532
2023-06-18,Itabuna,71,45,1558
2023-06-19,Itabuna,88,44,1602
2023-06-20,Itabuna,35,22,1615
2023-06-21,Itabuna,13,21,1607
2023-06-22,Itabuna,55,52,1610
2023-06-23,Itabuna,18,58,1570
2023-06-24,Itabuna,40,47,1563
2023-06-25,Itabuna,82,58,1587
2023-06-26,Itabuna,44,31,1600
2023-06-27,Itabuna,6,34,1572
2023-06-28,Itabuna,45,30,1587
2023-06-29,Itabuna,47,46,1588
2023-06-30,Itabuna,45,35,1598
2023-07-01,Itabuna,53,51,1600
2023-07-02,Itabuna,28,66,1562
2023-07-03,Itabuna,48,45,1565
2023-07-04,Itabuna,64,48,1581
2023-07-05,Itabuna,69,49,1601
2023-07-06,Itabuna,37,50,1588
2023-07-07,Itabuna,27,46,1569
2023-07-08,Itabuna,49,41,1577
2023-07-09,Itabuna,47,16,1608
2023-07-10,Itabuna,39,46,1601
2023-07-11,Itabuna,53,29,1625
2023-07-12,Itabuna,75,32,1668
2023-07-13,Itabuna,69,51,1686
2023-07-14,Itabuna,37,71,1652
2023-07-15,Itabuna,26,58,1620
2023-07-16,Itabuna,70,34,1656
2023-07-17,Itabuna,77,41,1692
2023-07-18,Itabuna,55,48,1699
2023-07-19,Itabuna,47,57,1689
2023-07-20,Itabuna,65,18,1736
2023-07-21,Itabuna,76,20,1792
2023-07-22,Itabuna,70,61,1801
2023-07-23,Itabuna,28,38,1791
2023-07-24,Itabuna,27,41,1777
2023-07-25,Itabuna,43,56,1764
2023-07-26,Itabuna,76,65,1775
2023-07-27,Itabuna,38,41,1772
2023-07-28,Itabuna,16,32,1756
2023-07-29,Itabuna,69,69,1756
2023-07-30,Itabuna,25,36,1745
2023-07-31,Itabuna,49,49,1745
2023-08-01,Itabuna,33,51,1727
2023-08-02,Itabuna,40,44,1723
2023-08-03,Itabuna,60,45,1738
2023-08-04,Itabuna,41,43,1736
2023-08-05,Itabuna,48,39,1745
2023-08-06,Itabuna,44,68,1721
2023-08-07,Itabuna,61,40,1742
2023-08-08,Itabuna,63,39,1766
2023-08-09,Itabuna,73,50,1789
2023-08-10,Itabuna,47,51,1785
2023-08-11,Itabuna,18,28,1775
2023-08-12,Itabuna,26,47,1754
2023-08-13,Itabuna,84,78,1760
2023-08-14,Itabuna,62,52,1770
2023-08-15,Itabuna,13,36,1747
2023-08-16,Itabuna,34,35,1746
2023-08-17,Itabuna,46,37,1755
2023-08-18,Itabuna,10,56,1709
2023-08-19,Itabuna,28,48,1689
2023-08-20,Itabuna,91,31,1749
2023-08-21,Itabuna,0,40,1709
2023-08-22,Itabuna,72,74,1707
2023-08-23,Itabuna,25,52,1680
2023-08-24,Itabuna,40,43,1677
2023-08-25,Itabuna,102,22,1757
2023-08-26,Itabuna,55,52,1760
2023-08-27,Itabuna,71,46,1785
2023-08-28,Itabuna,56,39,1802
2023-08-29,Itabuna,55,39,1818
2023-08-30,Itabuna,62,39,1841
2023-08-31,Itabuna,57,44,1854
2023-09-01,Itabuna,72,44,1882
2023-09-02,Itabuna,14,63,1833
2023-09-03,Itabuna,31,35,1829
2023-09-04,Itabuna,38,65,1802
2023-09-05,Itabuna,7,92,1717
2023-09-06,Itabuna,71,48,1740
2023-09-07,Itabuna,48,49,1739
2023-09-08,Itabuna,60,54,1745
2023-09-09,Itabuna,61,46,1760
2023-09-10,Itabuna,46,42,1764
2023-09-11,Itabuna,46,62,1748
2023-09-12,Itabuna,61,0,1809
2023-09-13,Itabuna,63,47,1825
2023-09-14,Itabuna,49,39,1835
2023-09-15,Itabuna,72,59,1848
2023-09-16,Itabuna,34,51,1831
2023-09-17,Itabuna,30,24,1837
2023-09-18,Itabuna,37,57,1817
2023-09-19,Itabuna,69,52,1834
2023-09-20,Itabuna,64,52,1846
2023-09-21,Itabuna,37,51,1832
2023-09-22,Itabuna,66,56,1842
2023-09-23,Itabuna,73,55,1860
2023-09-24,Itabuna,57,61,1856
2023-09-25,Itabuna,49,31,1874
2023-09-26,Itabuna,46,33,1887
2023-09-27,Itabuna,36,42,1881
2023-09-28,Itabuna,34,40,1875
2023-09-29,Itabuna,12,48,1839
2023-09-30,Itabuna,50,32,1857
2023-10-01,Itabuna,63,59,1861
2023-10-02,Itabuna,17,33,1845
2023-10-03,Itabuna,34,30,1849
2023-10-04,Itabuna,66,42,1873
2023-10-05,Itabuna,44,14,1903
2023-10-06,Itabuna,62,26,1939
2023-10-07,Itabuna,51,49,1941
2023-10-08,Itabuna,77,25,1993
2023-10-09,Itabuna,0,47,1946
2023-10-10,Itabuna,86,63,1969
2023-10-11,Itabuna,54,37,1986
2023-10-12,Itabuna,66,30,2022
2023-10-13,Itabuna,59,52,2029
2023-10-14,Itabuna,71,86,2014
2023-10-15,Itabuna,57,37,2034
2023-10-16,Itabuna,49,18,2065
2023-10-17,Itabuna,36,38,2063
2023-10-18,Itabuna,39,47,2055
2023-10-19,Itabuna,33,61,2027
2023-10-20,Itabuna,50,44,2033
2023-10-21,Itabuna,43,47,2029
2023-10-22,Itabuna,66,31,2064
2023-10-23,Itabuna,36,40,2060
2023-10-24,Itabuna,23,32,2051
2023-10-25,Itabuna,40,58,2033
2023-10-26,Itabuna,55,47,2041
2023-10-27,Itabuna,67,42,2066
2023-10-28,Itabuna,57,43,2080
2023-10-29,Itabuna,55,36,2099
2023-10-30,Itabuna,1,42,2058
2023-10-31,Itabuna,78,58,2078
2023-11-01,Itabuna,69,63,2084
2023-11-02,Itabuna,51,47,2088
2023-11-03,Itabuna,37,40,2085
2023-11-04,Itabuna,62,63,2084
2023-11-05,Itabuna,47,38,2093
2023-11-06,Itabuna,50,54,2089
2023-11-07,Itabuna,21,10,2100
2023-11-08,Itabuna,38,26,2112
2023-11-09,Itabuna,39,42,2109
2023-11-10,Itabuna,40,66,2083
2023-11-11,Itabuna,56,49,2090
2023-11-12,Itabuna,62,27,2125
2023-11-13,Itabuna,70,43,2152
2023-11-14,Itabuna,63,28,2187
2023-11-15,Itabuna,18,57,2148
2023-11-16,Itabuna,57,31,2174
2023-11-17,Itabuna,32,61,2145
2023-11-18,Itabuna,26,69,2102
2023-11-19,Itabuna,31,54,2079
2023-11-20,Itabuna,43,54,2068
2023-11-21,Itabuna,39,42,2065
2023-11-22,Itabuna,50,29,2086
2023-11-23,Itabuna,64,37,2113
2023-11-24,Itabuna,45,30,2128
2023-11-25,Itabuna,0,42,2086
2023-11-26,Itabuna,98,56,2128
2023-11-27,Itabuna,49,41,2136
2023-11-28,Itabuna,50,53,2133
2023-11-29,Itabuna,26,61,2098
2023-11-30,Itabuna,64,55,2107
2023-12-01,Itabuna,58,45,2120
2023-12-02,Itabuna,63,53,2130
2023-12-03,Itabuna,42,36,2136
2023-12-04,Itabuna,52,68,2120
2023-12-05,Itabuna,25,22,2123
2023-12-06,Itabuna,53,45,2131
2023-12-07,Itabuna,53,48,2136
2023-12-08,Itabuna,45,67,2114
2023-12-09,Itabuna,17,32,2099
2023-12-10,Itabuna,47,20,2126
2023-12-11,Itabuna,46,69,2103
2023-12-12,Itabuna,50,48,2105
2023-12-13,Itabuna,24,35,2094
2023-12-14,Itabuna,42,40,2096
2023-12-15,Itabuna,75,53,2118
2023-12-16,Itabuna,27,48,2097
2023-12-17,Itabuna,59,62,2094
2023-12-18,Itabuna,81,29,2146
2023-12-19,Itabuna,33,26,2153
2023-12-20,Itabuna,45,51,2147
2023-12-21,Itabuna,69,43,2173
2023-12-22,Itabuna,43,47,2169
2023-12-23,Itabuna,33,76,2126
2023-12-24,Itabuna,17,47,2096
2023-12-25,Itabuna,90,45,2141
2023-12-26,Itabuna,46,39,2148
2023-12-27,Itabuna,46,65,2129
2023-12-28,Itabuna,5,68,2066
2023-12-29,Itabuna,21,41,2046
2023-12-30,Itabuna,41,53,2034
2023-12-31,Itabuna,18,51,2001
2024-01-01,Itabuna,90,24,2067
2024-01-02,Itabuna,53,35,2085
2024-01-03,Itabuna,58,45,2098
2024-01-04,Itabuna,37,52,2083
2024-01-05,Itabuna,86,42,2127
2024-01-06,Itabuna,64,25,2166
2024-01-07,Itabuna,30,52,2144
2024-01-08,Itabuna,79,50,2173
2024-01-09,Itabuna,43,44,2172
2024-01-10,Itabuna,24,54,2142
2024-01-11,Itabuna,67,38,2171
2024-01-12,Itabuna,40,48,2163
2024-01-13,Itabuna,41,44,2160
2024-01-14,Itabuna,91,41,2210
2024-01-15,Itabuna,42,35,2217
2024-01-16,Itabuna,64,42,2239
2024-01-17,Itabuna,37,64,2212
2024-01-18,Itabuna,78,35,2255
2024-01-19,Itabuna,12,60,2207
2024-01-20,Itabuna,36,56,2187
2024-01-21,Itabuna,10,58,2139
2024-01-22,Itabuna,25,55,2109
2024-01-23,Itabuna,50,30,2129
2024-01-24,Itabuna,41,55,2115
2024-01-25,Itabuna,52,53,2114
2024-01-26,Itabuna,89,21,2182
2024-01-27,Itabuna,82,46,2218
2024-01-28,Itabuna,32,25,2225
2024-01-29,Itabuna,46,58,2213
2024-01-30,Itabuna,47,67,2193
2024-01-31,Itabuna,20,44,2169
2024-02-01,Itabuna,24,50,2143
2024-02-02,Itabuna,67,38,2172
2024-02-03,Itabuna,0,47,2125
2024-02-04,Itabuna,58,51,2132
2024-02-05,Itabuna,74,28,2178
2024-02-06,Itabuna,63,62,2179
2024-02-07,Itabuna,14,49,2144
2024-02-08,Itabuna,39,43,2140
2024-02-09,Itabuna,56,37,2159
2024-02-10,Itabuna,36,45,2150
2024-02-11,Itabuna,28,28,2150
2024-02-12,Itabuna,63,27,2186
2024-02-13,Itabuna,63,51,2198
2024-02-14,Itabuna,15,34,2179
2024-02-15,Itabuna,73,30,2222
2024-02-16,Itabuna,40,51,2211
2024-02-17,Itabuna,65,41,2235
2024-02-18,Itabuna,38,66,2207
2024-02-19,Itabuna,84,59,2232
2024-02-20,Itabuna,51,32,2251
2024-02-21,Itabuna,33,52,2232
2024-02-22,Itabuna,58,66,2224
2024-02-23,Itabuna,63,22,2265
2024-02-24,Itabuna,71,30,2306
2024-02-25,Itabuna,42,48,2300
2024-02-26,Itabuna,89,91,2298
2024-02-27,Itabuna,62,42,2318
2024-02-28,Itabuna,60,58,2320
2024-02-29,Itabuna,43,71,2292
2024-03-01,Itabuna,54,52,2294
2024-03-02,Itabuna,63,51,2306
2024-03-03,Itabuna,66,35,2337
2024-03-04,Itabuna,38,28,2347
2024-03-05,Itabuna,58,56,2349
2024-03-06,Itabuna,59,70,2338
2024-03-07,Itabuna,49,55,2332
2024-03-08,Itabuna,28,39,2321
2024-03-09,Itabuna,63,57,2327
2024-03-10,Itabuna,44,43,2328
2024-03-11,Itabuna,19,39,2308
2024-03-12,Itabuna,67,53,2322
2024-03-13,Itabuna,60,45,2337
2024-03-14,Itabuna,50,35,2352
2024-03-15,Itabuna,63,51,2364
2024-03-16,Itabuna,59,37,2386
2024-03-17,Itabuna,6,61,2331
2024-03-18,Itabuna,40,32,2339
2024-03-19,Itabuna,63,39,2363
2024-03-20,Itabuna,71,54,2380
2024-03-21,Itabuna,63,24,2419
2024-03-22,Itabuna,74,48,2445
2024-03-23,Itabuna,42,47,2440
2024-03-24,Itabuna,14,51,2403
2024-03-25,Itabuna,29,24,2408
2024-03-26,Itabuna,19,61,2366
2024-03-27,Itabuna,37,68,2335
2024-03-28,Itabuna,39,19,2355
2024-03-29,Itabuna,27,63,2319
2024-03-30,Itabuna,46,36,2329
2024-03-31,Itabuna,53,52,2330
2024-04-01,Itabuna,72,66,2336
2024-04-02,Itabuna,42,25,2353
2024-04-03,Itabuna,41,48,2346
2024-04-04,Itabuna,30,30,2346
2024-04-05,Itabuna,56,44,2358
2024-04-06,Itabuna,50,33,2375
2024-04-07,Itabuna,45,31,2389
2024-04-08,Itabuna,67,60,2396
2024-04-09,Itabuna,13,31,2378
2024-04-10,Itabuna,20,35,2363
2024-04-11,Itabuna,48,23,2388
2024-04-12,Itabuna,31,29,2390
2024-04-13,Itabuna,54,46,2398
2024-04-14,Itabuna,35,47,2386
2024-04-15,Itabuna,39,40,2385
2024-04-16,Itabuna,83,65,2403
2024-04-17,Itabuna,24,57,2370
2024-04-18,Itabuna,66,27,2409
2024-04-19,Itabuna,66,68,2407
2024-04-20,Itabuna,27,31,2403
2024-04-21,Itabuna,70,49,2424
2024-04-22,Itabuna,61,50,2435
2024-04-23,Itabuna,57,25,2467
2024-04-24,Itabuna,70,62,2475
2024-04-25,Itabuna,45,44,2476
2024-04-26,Itabuna,19,52,2443
2024-04-27,Itabuna,61,44,2460
2024-04-28,Itabuna,72,39,2493
2024-04-29,Itabuna,61,29,2525
2024-04-30,Itabuna,49,42,2532
2024-05-01,Itabuna,54,39,2547
2024-05-02,Itabuna,47,57,2537
2024-05-03,Itabuna,41,20,2558
2024-05-04,Itabuna,84,65,2577
2024-05-05,Itabuna,24,55,2546
2024-05-06,Itabuna,39,48,2537
2024-05-07,Itabuna,55,41,2551
2024-05-08,Itabuna,34,34,2551
2024-05-09,Itabuna,31,32,2550
2024-05-10,Itabuna,48,34,2564
2024-05-11,Itabuna,63,67,2560
2024-05-12,Itabuna,38,48,2550
2024-05-13,Itabuna,59,52,2557
2024-05-14,Itabuna,51,56,2552
2024-05-15,Itabuna,59,26,2585
2024-05-16,Itabuna,67,58,2594
2024-05-17,Itabuna,34,45,2583
2024-05-18,Itabuna,63,41,2605
2024-05-19,Itabuna,71,80,2596
2024-05-20,Itabuna,34,24,2606
2024-05-21,Itabuna,56,55,2607
2024-05-22,Itabuna,45,66,2586
2024-05-23,Itabuna,23,55,2554
2024-05-24,Itabuna,37,70,2521
2024-05-25,Itabuna,89,33,2577
2024-05-26,Itabuna,39,57,2559
2024-05-27,Itabuna,42,44,2557
2024-05-28,Itabuna,50,16,2591
2024-05-29,Itabuna,49,34,2606
2024-05-30,Itabuna,40,66,2580
2024-05-31,Itabuna,24,57,2547
2024-06-01,Itabuna,44,40,2551
2024-06-02,Itabuna,65,50,2566
2024-06-03,Itabuna,61,59,2568
2024-06-04,Itabuna,43,35,2576
2024-06-05,Itabuna,28,32,2572
2024-06-06,Itabuna,108,63,2617
2024-06-07,Itabuna,22,25,2614
2024-06-08,Itabuna,59,53,2620
2024-06-09,Itabuna,60,41,2639
2024-06-10,Itabuna,47,49,2637
2024-06-11,Itabuna,51,11,2677
2024-06-12,Itabuna,45,32,2690
2024-06-13,Itabuna,53,89,2654
2024-06-14,Itabuna,57,40,2671
2024-06-15,Itabuna,68,52,2687
2024-06-16,Itabuna,58,54,2691
2024-06-17,Itabuna,91,28,2754
2024-06-18,Itabuna,59,31,2782
2024-06-19,Itabuna,61,31,2812
2024-06-20,Itabuna,41,40,2813
2024-06-21,Itabuna,69,58,2824
2024-06-22,Itabuna,25,45,2804
2024-06-23,Itabuna,35,26,2813
2024-06-24,Itabuna,45,40,2818
2024-06-25,Itabuna,98,51,2865
2024-06-26,Itabuna,22,36,2851
2024-06-27,Itabuna,70,76,2845
2024-06-28,Itabuna,18,16,2847
2024-06-29,Itabuna,87,50,2884
2024-06-30,Itabuna,32,53,2863
2024-07-01,Itabuna,0,45,2818
2024-07-02,Itabuna,56,58,2816
2024-07-03,Itabuna,29,46,2799
2024-07-04,Itabuna,31,48,2782
2024-07-05,Itabuna,32,38,2776
2024-07-06,Itabuna,30,54,2752
2024-07-07,Itabuna,67,41,2778
2024-07-08,Itabuna,50,23,2805
2024-07-09,Itabuna,44,44,2805
2024-07-10,Itabuna,102,28,2879
2024-07-11,Itabuna,79,59,2899
2024-07-12,Itabuna,55,71,2883
2024-07-13,Itabuna,57,50,2890
2024-07-14,Itabuna,48,63,2875
2024-07-15,Itabuna,71,35,2911
2024-07-16,Itabuna,23,41,2893
2024-07-17,Itabuna,33,44,2882
2024-07-18,Itabuna,74,38,2918
2024-07-19,Itabuna,49,45,2922
2024-07-20,Itabuna,66,11,2977
2024-07-21,Itabuna,37,48,2966
2024-07-22,Itabuna,74,37,3003
2024-07-23,Itabuna,12,54,2961
2024-07-24,Itabuna,37,27,2971
2024-07-25,Itabuna,37,42,2966
2024-07-26,Itabuna,37,11,2992
2024-07-27,Itabuna,67,64,2995
2024-07-28,Itabuna,63,27,3031
2024-07-29,Itabuna,45,44,3032
2024-07-30,Itabuna,61,55,3038
2024-07-31,Itabuna,35,46,3027
2024-08-01,Itabuna,59,66,3020
2024-08-02,Itabuna,64,56,3028
2024-08-03,Itabuna,51,66,3013
2024-08-04,Itabuna,58,32,3039
2024-08-05,Itabuna,78,55,3062
2024-08-06,Itabuna,41,37,3066
2024-08-07,Itabuna,55,51,3070
2024-08-08,Itabuna,53,49,3074
2024-08-09,Itabuna,83,61,3096
2024-08-10,Itabuna,53,59,3090
2024-08-11,Itabuna,29,50,3069
2024-08-12,Itabuna,86,41,3114
2024-08-13,Itabuna,33,35,3112
2024-08-14,Itabuna,28,33,3107
2024-08-15,Itabuna,42,23,3126
2024-08-16,Itabuna,50,58,3118
2024-08-17,Itabuna,31,67,3082
2024-08-18,Itabuna,60,60,3082
2024-08-19,Itabuna,36,57,3061
2024-08-20,Itabuna,28,58,3031
2024-08-21,Itabuna,53,53,3031
2024-08-22,Itabuna,26,31,3026
2024-08-23,Itabuna,61,30,3057
2024-08-24,Itabuna,59,24,3092
2024-08-25,Itabuna,66,26,3132
2024-08-26,Itabuna,61,54,3139
2024-08-27,Itabuna,36,53,3122
2024-08-28,Itabuna,55,36,3141
2024-08-29,Itabuna,29,15,3155
2024-08-30,Itabuna,56,21,3190
2024-08-31,Itabuna,51,41,3200
2024-09-01,Itabuna,63,40,3223
2024-09-02,Itabuna,43,55,3211
2024-09-03,Itabuna,56,49,3218
2024-09-04,Itabuna,59,21,3256
2024-09-05,Itabuna,65,54,3267
2024-09-06,Itabuna,29,41,3255
2024-09-07,Itabuna,49,42,3262
2024-09-08,Itabuna,56,66,3252
2024-09-09,Itabuna,71,25,3298
2024-09-10,Itabuna,62,64,3296
2024-09-11,Itabuna,57,61,3292
2024-09-12,Itabuna,90,60,3322
2024-09-13,Itabuna,54,60,3316
2024-09-14,Itabuna,52,45,3323
2024-09-15,Itabuna,42,68,3297
2024-09-16,Itabuna,33,67,3263
2024-09-17,Itabuna,59,24,3298
2024-09-18,Itabuna,57,13,3342
2024-09-19,Itabuna,62,58,3346
2024-09-20,Itabuna,38,46,3338
2024-09-21,Itabuna,89,37,3390
2024-09-22,Itabuna,28,67,3351
2024-09-23,Itabuna,89,45,3395
2024-09-24,Itabuna,70,65,3400
2024-09-25,Itabuna,35,37,3398
2024-09-26,Itabuna,74,70,3402
2024-09-27,Itabuna,61,31,3432
2024-09-28,Itabuna,89,37,3484
2024-09-29,Itabuna,43,50,3477
2024-09-30,Itabuna,81,57,3501
2024-10-01,Itabuna,58,51,3508
2024-10-02,Itabuna,50,53,3505
2024-10-03,Itabuna,0,40,3465
2024-10-04,Itabuna,54,27,3492
2024-10-05,Itabuna,57,41,3508
2024-10-06,Itabuna,85,68,3525
2024-10-07,Itabuna,40,42,3523
2024-10-08,Itabuna,48,38,3533
2024-10-09,Itabuna,53,33,3553
2024-10-10,Itabuna,27,54,3526
2024-10-11,Itabuna,62,32,3556
2024-10-12,Itabuna,67,35,3588
2024-10-13,Itabuna,55,57,3586
2024-10-14,Itabuna,49,51,3584
2024-10-15,Itabuna,39,42,3581
2024-10-16,Itabuna,45,33,3593
2024-10-17,Itabuna,46,21,3618
2024-10-18,Itabuna,40,40,3618
2024-10-19,Itabuna,44,41,3621
2024-10-20,Itabuna,48,52,3617
2024-10-21,Itabuna,67,35,3649
2024-10-22,Itabuna,25,29,3645
2024-10-23,Itabuna,40,39,3646
2024-10-24,Itabuna,34,25,3655
2024-10-25,Itabuna,40,47,3648
2024-10-26,Itabuna,61,36,3673
2024-10-27,Itabuna,41,31,3683
2024-10-28,Itabuna,49,32,3700
2024-10-29,Itabuna,61,18,3743
2024-10-30,Itabuna,42,49,3736
2024-10-31,Itabuna,53,85,3704
2024-11-01,Itabuna,56,29,3731
2024-11-02,Itabuna,48,18,3761
2024-11-03,Itabuna,48,32,3777
2024-11-04,Itabuna,68,36,3809
2024-11-05,Itabuna,47,35,3821
2024-11-06,Itabuna,84,40,3865
2024-11-07,Itabuna,86,57,3894
2024-11-08,Itabuna,59,50,3903
2024-11-09,Itabuna,57,16,3944
2024-11-10,Itabuna,44,57,3931
2024-11-11,Itabuna,49,23,3957
2024-11-12,Itabuna,48,70,3935
2024-11-13,Itabuna,74,44,3965
2024-11-14,Itabuna,69,39,3995
2024-11-15,Itabuna,15,31,3979
2024-11-16,Itabuna,81,40,4020
2024-11-17,Itabuna,45,40,4025
2024-11-18,Itabuna,88,69,4044
2024-11-19,Itabuna,94,42,4096
2024-11-20,Itabuna,55,22,4129
2024-11-21,Itabuna,79,27,4181
2024-11-22,Itabuna,54,28,4207
2024-11-23,Itabuna,38,32,4213
2024-11-24,Itabuna,37,36,4214
2024-11-25,Itabuna,39,57,4196
2024-11-26,Itabuna,27,48,4175
2024-11-27,Itabuna,74,37,4212
2024-11-28,Itabuna,35,41,4206
2024-11-29,Itabuna,73,47,4232
2024-11-30,Itabuna,39,52,4219
2024-12-01,Itabuna,27,55,4191
2024-12-02,Itabuna,58,40,4209
2024-12-03,Itabuna,33,31,4211
2024-12-04,Itabuna,60,63,4208
2024-12-05,Itabuna,37,51,4194
2024-12-06,Itabuna,8,36,4166
2024-12-07,Itabuna,49,31,4184
2024-12-08,Itabuna,31,34,4181
2024-12-09,Itabuna,55,42,4194
2024-12-10,Itabuna,5,13,4186
2024-12-11,Itabuna,37,51,4172
2024-12-12,Itabuna,0,37,4135
2024-12-13,Itabuna,39,65,4109
2024-12-14,Itabuna,42,50,4101
2024-12-15,Itabuna,52,13,4140
2024-12-16,Itabuna,65,48,4157
2024-12-17,Itabuna,60,103,4114
2024-12-18,Itabuna,8,70,4052
2024-12-19,Itabuna,44,49,4047
2024-12-20,Itabuna,49,38,4058
2024-12-21,Itabuna,38,49,4047
2024-12-22,Itabuna,19,56,4010
2024-12-23,Itabuna,41,28,4023
2024-12-24,Itabuna,40,63,4000
2024-12-25,Itabuna,39,50,3989
2024-12-26,Itabuna,35,56,3968
2024-12-27,Itabuna,63,72,3959
2024-12-28,Itabuna,46,55,3950
2024-12-29,Itabuna,51,64,3937
2024-12-30,Itabuna,35,56,3916
2024-12-31,Itabuna,46,44,3918
2023-01-01,Uruçuca,51,48,1003
2023-01-02,Uruçuca,47,48,1002
2023-01-03,Uruçuca,81,59,1024
2023-01-04,Uruçuca,67,38,1053
2023-01-05,Uruçuca,32,59,1026
2023-01-06,Uruçuca,67,67,1026
2023-01-07,Uruçuca,37,41,1022
2023-01-08,Uruçuca,17,39,1000
2023-01-09,Uruçuca,69,38,1031
2023-01-10,Uruçuca,62,42,1051
2023-01-11,Uruçuca,56,27,1080
2023-01-12,Uruçuca,51,0,1131
2023-01-13,Uruçuca,46,20,1157
2023-01-14,Uruçuca,74,56,1175
2023-01-15,Uruçuca,59,67,1167
2023-01-16,Uruçuca,31,71,1127
2023-01-17,Uruçuca,68,41,1154
2023-01-18,Uruçuca,72,28,1198
2023-01-19,Uruçuca,33,35,1196
2023-01-20,Uruçuca,39,29,1206
2023-01-21,Uruçuca,74,41,1239
2023-01-22,Uruçuca,57,36,1260
2023-01-23,Uruçuca,13,49,1224
2023-01-24,Uruçuca,11,43,1192
2023-01-25,Uruçuca,22,74,1140
2023-01-26,Uruçuca,68,46,1162
2023-01-27,Uruçuca,75,32,1205
2023-01-28,Uruçuca,60,47,1218
2023-01-29,Uruçuca,55,64,1209
2023-01-30,Uruçuca,64,49,1224
2023-01-31,Uruçuca,16,30,1210
2023-02-01,Uruçuca,47,46,1211
2023-02-02,Uruçuca,27,81,1157
2023-02-03,Uruçuca,80,54,1183
2023-02-04,Uruçuca,51,41,1193
2023-02-05,Uruçuca,30,46,1177
2023-02-06,Uruçuca,55,26,1206
2023-02-07,Uruçuca,56,42,1220
2023-02-08,Uruçuca,11,32,1199
2023-02-09,Uruçuca,41,73,1167
2023-02-10,Uruçuca,61,24,1204
2023-02-11,Uruçuca,59,21,1242
2023-02-12,Uruçuca,71,37,1276
2023-02-13,Uruçuca,48,64,1260
2023-02-14,Uruçuca,24,24,1260
2023-02-15,Uruçuca,38,60,1238
2023-02-16,Uruçuca,19,2,1255
2023-02-17,Uruçuca,40,53,1242
2023-02-18,Uruçuca,74,38,1278
2023-02-19,Uruçuca,41,62,1257
2023-02-20,Uruçuca,12,39,1230
2023-02-21,Uruçuca,53,51,1232
2023-02-22,Uruçuca,39,45,1226
2023-02-23,Uruçuca,0,35,1191
2023-02-24,Uruçuca,59,30,1220
2023-02-25,Uruçuca,51,51,1220
2023-02-26,Uruçuca,43,47,1216
2023-02-27,Uruçuca,30,41,1205
2023-02-28,Uruçuca,62,47,1220
2023-03-01,Uruçuca,38,48,1210
2023-03-02,Uruçuca,64,14,1260
2023-03-03,Uruçuca,73,39,1294
2023-03-04,Uruçuca,58,62,1290
2023-03-05,Uruçuca,22,34,1278
2023-03-06,Uruçuca,44,33,1289
2023-03-07,Uruçuca,84,32,1341
2023-03-08,Uruçuca,38,48,1331
2023-03-09,Uruçuca,25,39,1317
2023-03-10,Uruçuca,56,40,1333
2023-03-11,Uruçuca,48,37,1344
2023-03-12,Uruçuca,19,49,1314
2023-03-13,Uruçuca,85,45,1354
2023-03-14,Uruçuca,54,55,1353
2023-03-15,Uruçuca,24,70,1307
2023-03-16,Uruçuca,54,69,1292
2023-03-17,Uruçuca,35,72,1255
2023-03-18,Uruçuca,65,53,1267
2023-03-19,Uruçuca,54,41,1280
2023-03-20,Uruçuca,74,47,1307
2023-03-21,Uruçuca,10,28,1289
2023-03-22,Uruçuca,46,49,1286
2023-03-23,Uruçuca,48,63,1271
2023-03-24,Uruçuca,10,47,1234
2023-03-25,Uruçuca,13,56,1191
2023-03-26,Uruçuca,48,51,1188
2023-03-27,Uruçuca,32,64,1156
2023-03-28,Uruçuca,70,53,1173
2023-03-29,Uruçuca,47,53,1167
2023-03-30,Uruçuca,35,57,1145
2023-03-31,Uruçuca,82,61,1166
2023-04-01,Uruçuca,35,50,1151
2023-04-02,Uruçuca,24,53,1122
2023-04-03,Uruçuca,59,16,1165
2023-04-04,Uruçuca,26,40,1151
2023-04-05,Uruçuca,43,26,1168
2023-04-06,Uruçuca,57,48,1177
2023-04-07,Uruçuca,46,33,1190
2023-04-08,Uruçuca,70,69,1191
2023-04-09,Uruçuca,40,35,1196
2023-04-10,Uruçuca,59,39,1216
2023-04-11,Uruçuca,47,56,1207
2023-04-12,Uruçuca,11,64,1154
2023-04-13,Uruçuca,51,38,1167
2023-04-14,Uruçuca,48,44,1171
2023-04-15,Uruçuca,15,67,1119
2023-04-16,Uruçuca,50,51,1118
2023-04-17,Uruçuca,69,29,1158
2023-04-18,Uruçuca,59,40,1177
2023-04-19,Uruçuca,66,13,1230
2023-04-20,Uruçuca,48,35,1243
2023-04-21,Uruçuca,58,52,1249
2023-04-22,Uruçuca,35,34,1250
2023-04-23,Uruçuca,47,31,1266
2023-04-24,Uruçuca,66,39,1293
2023-04-25,Uruçuca,0,39,1254
2023-04-26,Uruçuca,29,20,1263
2023-04-27,Uruçuca,25,46,1242
2023-04-28,Uruçuca,76,49,1269
2023-04-29,Uruçuca,37,51,1255
2023-04-30,Uruçuca,40,34,1261
2023-05-01,Uruçuca,26,18,1269
2023-05-02,Uruçuca,42,47,1264
2023-05-03,Uruçuca,48,38,1274
2023-05-04,Uruçuca,31,54,1251
2023-05-05,Uruçuca,23,56,1218
2023-05-06,Uruçuca,29,33,1214
2023-05-07,Uruçuca,20,37,1197
2023-05-08,Uruçuca,69,52,1214
2023-05-09,Uruçuca,69,52,1231
2023-05-10,Uruçuca,27,40,1218
2023-05-11,Uruçuca,34,64,1188
2023-05-12,Uruçuca,26,58,1156
2023-05-13,Uruçuca,67,72,1151
2023-05-14,Uruçuca,41,55,1137
2023-05-15,Uruçuca,95,35,1197
2023-05-16,Uruçuca,19,16,1200
2023-05-17,Uruçuca,64,16,1248
2023-05-18,Uruçuca,42,51,1239
2023-05-19,Uruçuca,53,51,1241
2023-05-20,Uruçuca,54,64,1231
2023-05-21,Uruçuca,30,34,1227
2023-05-22,Uruçuca,34,57,1204
2023-05-23,Uruçuca,68,51,1221
2023-05-24,Uruçuca,73,27,1267
2023-05-25,Uruçuca,83,67,1283
2023-05-26,Uruçuca,64,71,1276
2023-05-27,Uruçuca,16,37,1255
2023-05-28,Uruçuca,35,55,1235
2023-05-29,Uruçuca,28,56,1207
2023-05-30,Uruçuca,77,55,1229
2023-05-31,Uruçuca,55,30,1254
2023-06-01,Uruçuca,33,63,1224
2023-06-02,Uruçuca,65,44,1245
2023-06-03,Uruçuca,41,14,1272
2023-06-04,Uruçuca,28,73,1227
2023-06-05,Uruçuca,24,47,1204
2023-06-06,Uruçuca,70,26,1248
2023-06-07,Uruçuca,53,59,1242
2023-06-08,Uruçuca,50,88,1204
2023-06-09,Uruçuca,16,60,1160
2023-06-10,Uruçuca,46,56,1150
2023-06-11,Uruçuca,58,34,1174
2023-06-12,Uruçuca,54,17,1211
2023-06-13,Uruçuca,62,49,1224
2023-06-14,Uruçuca,62,60,1226
2023-06-15,Uruçuca,57,47,1236
2023-06-16,Uruçuca,32,34,1234
2023-06-17,Uruçuca,73,66,1241
2023-06-18,Uruçuca,45,45,1241
2023-06-19,Uruçuca,31,62,1210
2023-06-20,Uruçuca,63,74,1199
2023-06-21,Uruçuca,32,39,1192
2023-06-22,Uruçuca,54,54,1192
2023-06-23,Uruçuca,45,31,1206
2023-06-24,Uruçuca,67,55,1218
2023-06-25,Uruçuca,31,65,1184
2023-06-26,Uruçuca,73,47,1210
2023-06-27,Uruçuca,51,53,1208
2023-06-28,Uruçuca,32,45,1195
2023-06-29,Uruçuca,6,58,1143
2023-06-30,Uruçuca,18,67,1094
2023-07-01,Uruçuca,43,41,1096
2023-07-02,Uruçuca,37,40,1093
2023-07-03,Uruçuca,78,7,1164
2023-07-04,Uruçuca,75,50,1189
2023-07-05,Uruçuca,25,28,1186
2023-07-06,Uruçuca,83,30,1239
2023-07-07,Uruçuca,26,62,1203
2023-07-08,Uruçuca,56,30,1229
2023-07-09,Uruçuca,54,29,1254
2023-07-10,Uruçuca,72,60,1266
2023-07-11,Uruçuca,60,50,1276
2023-07-12,Uruçuca,85,44,1317
2023-07-13,Uruçuca,26,51,1292
2023-07-14,Uruçuca,91,29,1354
2023-07-15,Uruçuca,42,51,1345
2023-07-16,Uruçuca,48,30,1363
2023-07-17,Uruçuca,72,79,1356
2023-07-18,Uruçuca,53,31,1378
2023-07-19,Uruçuca,19,48,1349
2023-07-20,Uruçuca,72,52,1369
2023-07-21,Uruçuca,49,36,1382
2023-07-22,Uruçuca,28,57,1353
2023-07-23,Uruçuca,68,21,1400
2023-07-24,Uruçuca,81,53,1428
2023-07-25,Uruçuca,77,24,1481
2023-07-26,Uruçuca,22,42,1461
2023-07-27,Uruçuca,60,71,1450
2023-07-28,Uruçuca,64,41,1473
2023-07-29,Uruçuca,29,63,1439
2023-07-30,Uruçuca,30,69,1400
2023-07-31,Uruçuca,44,68,1376
2023-08-01,Uruçuca,63,42,1397
2023-08-02,Uruçuca,39,39,1397
2023-08-03,Uruçuca,58,46,1409
2023-08-04,Uruçuca,38,42,1405
2023-08-05,Uruçuca,51,13,1443
2023-08-06,Uruçuca,59,30,1472
2023-08-07,Uruçuca,26,19,1479
2023-08-08,Uruçuca,14,24,1469
2023-08-09,Uruçuca,35,74,1430
2023-08-10,Uruçuca,39,47,1422
2023-08-11,Uruçuca,58,46,1434
2023-08-12,Uruçuca,48,27,1455
2023-08-13,Uruçuca,79,72,1462
2023-08-14,Uruçuca,16,29,1449
2023-08-15,Uruçuca,44,30,1463
2023-08-16,Uruçuca,60,34,1489
2023-08-17,Uruçuca,93,62,1520
2023-08-18,Uruçuca,54,60,1514
2023-08-19,Uruçuca,72,36,1550
2023-08-20,Uruçuca,33,46,1537
2023-08-21,Uruçuca,67,47,1557
2023-08-22,Uruçuca,18,32,1543
2023-08-23,Uruçuca,48,43,1548
2023-08-24,Uruçuca,89,24,1613
2023-08-25,Uruçuca,60,67,1606
2023-08-26,Uruçuca,95,38,1663
2023-08-27,Uruçuca,59,53,1669
2023-08-28,Uruçuca,53,43,1679
2023-08-29,Uruçuca,58,7,1730
2023-08-30,Uruçuca,63,46,1747
2023-08-31,Uruçuca,45,75,1717
2023-09-01,Uruçuca,36,38,1715
2023-09-02,Uruçuca,89,32,1772
2023-09-03,Uruçuca,38,42,1768
2023-09-04,Uruçuca,66,48,1786
2023-09-05,Uruçuca,24,37,1773
2023-09-06,Uruçuca,37,43,1767
2023-09-07,Uruçuca,58,51,1774
2023-09-08,Uruçuca,14,60,1728
2023-09-09,Uruçuca,55,65,1718
2023-09-10,Uruçuca,58,61,1715
2023-09-11,Uruçuca,59,65,1709
2023-09-12,Uruçuca,60,43,1726
2023-09-13,Uruçuca,95,58,1763
2023-09-14,Uruçuca,61,25,1799
2023-09-15,Uruçuca,24,49,1774
2023-09-16,Uruçuca,52,35,1791
2023-09-17,Uruçuca,52,68,1775
2023-09-18,Uruçuca,63,27,1811
2023-09-19,Uruçuca,47,32,1826
2023-09-20,Uruçuca,42,38,1830
2023-09-21,Uruçuca,40,26,1844
2023-09-22,Uruçuca,47,36,1855
2023-09-23,Uruçuca,0,75,1780
2023-09-24,Uruçuca,71,39,1812
2023-09-25,Uruçuca,50,27,1835
2023-09-26,Uruçuca,83,73,1845
2023-09-27,Uruçuca,53,60,1838
2023-09-28,Uruçuca,53,24,1867
2023-09-29,Uruçuca,41,46,1862
2023-09-30,Uruçuca,40,41,1861
2023-10-01,Uruçuca,48,43,1866
2023-10-02,Uruçuca,51,29,1888
2023-10-03,Uruçuca,35,25,1898
2023-10-04,Uruçuca,69,13,1954
2023-10-05,Uruçuca,73,65,1962
2023-10-06,Uruçuca,43,5,2000
2023-10-07,Uruçuca,42,44,1998
2023-10-08,Uruçuca,29,37,1990
2023-10-09,Uruçuca,80,54,2016
2023-10-10,Uruçuca,31,21,2026
2023-10-11,Uruçuca,43,41,2028
2023-10-12,Uruçuca,59,36,2051
2023-10-13,Uruçuca,60,74,2037
2023-10-14,Uruçuca,66,44,2059
2023-10-15,Uruçuca,46,39,2066
2023-10-16,Uruçuca,73,35,2104
2023-10-17,Uruçuca,50,45,2109
2023-10-18,Uruçuca,39,24,2124
2023-10-19,Uruçuca,56,44,2136
2023-10-20,Uruçuca,60,36,2160
2023-10-21,Uruçuca,74,31,2203
2023-10-22,Uruçuca,84,18,2269
2023-10-23,Uruçuca,58,52,2275
2023-10-24,Uruçuca,34,51,2258
2023-10-25,Uruçuca,75,11,2322
2023-10-26,Uruçuca,60,7,2375
2023-10-27,Uruçuca,30,69,2336
2023-10-28,Uruçuca,38,27,2347
2023-10-29,Uruçuca,46,76,2317
2023-10-30,Uruçuca,13,29,2301
2023-10-31,Uruçuca,79,72,2308
2023-11-01,Uruçuca,47,26,2329
2023-11-02,Uruçuca,91,68,2352
2023-11-03,Uruçuca,63,32,2383
2023-11-04,Uruçuca,49,42,2390
2023-11-05,Uruçuca,56,66,2380
2023-11-06,Uruçuca,67,28,2419
2023-11-07,Uruçuca,77,49,2447
2023-11-08,Uruçuca,63,66,2444
2023-11-09,Uruçuca,27,44,2427
2023-11-10,Uruçuca,39,21,2445
2023-11-11,Uruçuca,56,82,2419
2023-11-12,Uruçuca,13,44,2388
2023-11-13,Uruçuca,62,46,2404
2023-11-14,Uruçuca,47,25,2426
2023-11-15,Uruçuca,54,33,2447
2023-11-16,Uruçuca,6,62,2391
2023-11-17,Uruçuca,69,45,2415
2023-11-18,Uruçuca,54,61,2408
2023-11-19,Uruçuca,54,58,2404
2023-11-20,Uruçuca,44,64,2384
2023-11-21,Uruçuca,56,47,2393
2023-11-22,Uruçuca,24,49,2368
2023-11-23,Uruçuca,33,35,2366
2023-11-24,Uruçuca,33,29,2370
2023-11-25,Uruçuca,92,64,2398
2023-11-26,Uruçuca,88,26,2460
2023-11-27,Uruçuca,51,25,2486
2023-11-28,Uruçuca,36,31,2491
2023-11-29,Uruçuca,74,39,2526
2023-11-30,Uruçuca,71,54,2543
2023-12-01,Uruçuca,96,22,2617
2023-12-02,Uruçuca,75,62,2630
2023-12-03,Uruçuca,30,60,2600
2023-12-04,Uruçuca,56,41,2615
2023-12-05,Uruçuca,33,34,2614
2023-12-06,Uruçuca,90,45,2659
2023-12-07,Uruçuca,65,33,2691
2023-12-08,Uruçuca,34,61,2664
2023-12-09,Uruçuca,23,38,2649
2023-12-10,Uruçuca,50,46,2653
2023-12-11,Uruçuca,46,50,2649
2023-12-12,Uruçuca,63,56,2656
2023-12-13,Uruçuca,30,40,2646
2023-12-14,Uruçuca,73,58,2661
2023-12-15,Uruçuca,22,50,2633
2023-12-16,Uruçuca,10,45,2598
2023-12-17,Uruçuca,87,30,2655
2023-12-18,Uruçuca,33,56,2632
2023-12-19,Uruçuca,19,35,2616
2023-12-20,Uruçuca,61,35,2642
2023-12-21,Uruçuca,45,56,2631
2023-12-22,Uruçuca,58,49,2640
2023-12-23,Uruçuca,43,50,2633
2023-12-24,Uruçuca,47,51,2629
2023-12-25,Uruçuca,40,42,2627
2023-12-26,Uruçuca,30,44,2613
2023-12-27,Uruçuca,33,28,2618
2023-12-28,Uruçuca,55,48,2625
2023-12-29,Uruçuca,65,38,2652
2023-12-30,Uruçuca,58,53,2657
2023-12-31,Uruçuca,58,32,2683
2024-01-01,Uruçuca,52,50,2685
2024-01-02,Uruçuca,50,13,2722
2024-01-03,Uruçuca,53,78,2697
2024-01-04,Uruçuca,42,34,2705
2024-01-05,Uruçuca,57,49,2713
2024-01-06,Uruçuca,73,26,2760
2024-01-07,Uruçuca,64,53,2771
2024-01-08,Uruçuca,47,50,2768
2024-01-09,Uruçuca,70,58,2780
2024-01-10,Uruçuca,27,57,2750
2024-01-11,Uruçuca,48,46,2752
2024-01-12,Uruçuca,51,42,2761
2024-01-13,Uruçuca,73,43,2791
2024-01-14,Uruçuca,27,39,2779
2024-01-15,Uruçuca,53,63,2769
2024-01-16,Uruçuca,62,32,2799
2024-01-17,Uruçuca,99,48,2850
2024-01-18,Uruçuca,75,42,2883
2024-01-19,Uruçuca,60,57,2886
2024-01-20,Uruçuca,74,60,2900
2024-01-21,Uruçuca,67,40,2927
2024-01-22,Uruçuca,38,49,2916
2024-01-23,Uruçuca,68,41,2943
2024-01-24,Uruçuca,71,66,2948
2024-01-25,Uruçuca,31,32,2947
2024-01-26,Uruçuca,47,49,2945
2024-01-27,Uruçuca,39,65,2919
2024-01-28,Uruçuca,58,45,2932
2024-01-29,Uruçuca,21,25,2928
2024-01-30,Uruçuca,55,13,2970
2024-01-31,Uruçuca,70,42,2998
2024-02-01,Uruçuca,114,79,3033
2024-02-02,Uruçuca,46,43,3036
2024-02-03,Uruçuca,69,70,3035
2024-02-04,Uruçuca,17,18,3034
2024-02-05,Uruçuca,37,53,3018
2024-02-06,Uruçuca,59,61,3016
2024-02-07,Uruçuca,26,10,3032
2024-02-08,Uruçuca,67,32,3067
2024-02-09,Uruçuca,9,47,3029
2024-02-10,Uruçuca,65,43,3051
2024-02-11,Uruçuca,40,42,3049
2024-02-12,Uruçuca,42,24,3067
2024-02-13,Uruçuca,35,52,3050
2024-02-14,Uruçuca,56,47,3059
2024-02-15,Uruçuca,30,42,3047
2024-02-16,Uruçuca,6,47,3006
2024-02-17,Uruçuca,78,22,3062
2024-02-18,Uruçuca,38,49,3051
2024-02-19,Uruçuca,75,38,3088
2024-02-20,Uruçuca,36,15,3109
2024-02-21,Uruçuca,52,75,3086
2024-02-22,Uruçuca,55,44,3097
2024-02-23,Uruçuca,56,44,3109
2024-02-24,Uruçuca,33,57,3085
2024-02-25,Uruçuca,54,45,3094
2024-02-26,Uruçuca,30,64,3060
2024-02-27,Uruçuca,63,36,3087
2024-02-28,Uruçuca,70,37,3120
2024-02-29,Uruçuca,34,33,3121
2024-03-01,Uruçuca,14,52,3083
2024-03-02,Uruçuca,13,26,3070
2024-03-03,Uruçuca,8,43,3035
2024-03-04,Uruçuca,46,40,3041
2024-03-05,Uruçuca,29,27,3043
2024-03-06,Uruçuca,59,36,3066
2024-03-07,Uruçuca,56,31,3091
2024-03-08,Uruçuca,53,64,3080
2024-03-09,Uruçuca,61,38,3103
2024-03-10,Uruçuca,55,41,3117
2024-03-11,Uruçuca,50,40,3127
2024-03-12,Uruçuca,46,48,3125
2024-03-13,Uruçuca,30,29,3126
2024-03-14,Uruçuca,22,20,3128
2024-03-15,Uruçuca,25,47,3106
2024-03-16,Uruçuca,32,52,3086
2024-03-17,Uruçuca,50,15,3121
2024-03-18,Uruçuca,63,57,3127
2024-03-19,Uruçuca,30,51,3106
2024-03-20,Uruçuca,32,46,3092
2024-03-21,Uruçuca,24,18,3098
2024-03-22,Uruçuca,42,43,3097
2024-03-23,Uruçuca,42,27,3112
2024-03-24,Uruçuca,42,49,3105
2024-03-25,Uruçuca,49,47,3107
2024-03-26,Uruçuca,36,62,3081
2024-03-27,Uruçuca,26,52,3055
2024-03-28,Uruçuca,73,52,3076
2024-03-29,Uruçuca,45,37,3084
2024-03-30,Uruçuca,70,23,3131
2024-03-31,Uruçuca,30,39,3122
2024-04-01,Uruçuca,74,50,3146
2024-04-02,Uruçuca,30,40,3136
2024-04-03,Uruçuca,37,34,3139
2024-04-04,Uruçuca,69,24,3184
2024-04-05,Uruçuca,82,57,3209
2024-04-06,Uruçuca,71,38,3242
2024-04-07,Uruçuca,47,23,3266
2024-04-08,Uruçuca,39,52,3253
2024-04-09,Uruçuca,75,28,3300
2024-04-10,Uruçuca,42,42,3300
2024-04-11,Uruçuca,22,53,3269
2024-04-12,Uruçuca,35,42,3262
2024-04-13,Uruçuca,40,33,3269
2024-04-14,Uruçuca,49,41,3277
2024-04-15,Uruçuca,42,34,3285
2024-04-16,Uruçuca,56,69,3272
2024-04-17,Uruçuca,52,59,3265
2024-04-18,Uruçuca,22,47,3240
2024-04-19,Uruçuca,28,22,3246
2024-04-20,Uruçuca,35,62,3219
2024-04-21,Uruçuca,69,48,3240
2024-04-22,Uruçuca,19,42,3217
2024-04-23,Uruçuca,56,47,3226
2024-04-24,Uruçuca,13,31,3208
2024-04-25,Uruçuca,48,53,3203
2024-04-26,Uruçuca,6,42,3167
2024-04-27,Uruçuca,52,57,3162
2024-04-28,Uruçuca,63,53,3172
2024-04-29,Uruçuca,34,16,3190
2024-04-30,Uruçuca,42,60,3172
2024-05-01,Uruçuca,77,55,3194
2024-05-02,Uruçuca,58,50,3202
2024-05-03,Uruçuca,38,43,3197
2024-05-04,Uruçuca,83,30,3250
2024-05-05,Uruçuca,82,40,3292
2024-05-06,Uruçuca,76,23,3345
2024-05-07,Uruçuca,61,33,3373
2024-05-08,Uruçuca,21,48,3346
2024-05-09,Uruçuca,70,32,3384
2024-05-10,Uruçuca,20,43,3361
2024-05-11,Uruçuca,48,53,3356
2024-05-12,Uruçuca,68,44,3380
2024-05-13,Uruçuca,87,48,3419
2024-05-14,Uruçuca,43,20,3442
2024-05-15,Uruçuca,44,39,3447
2024-05-16,Uruçuca,69,51,3465
2024-05-17,Uruçuca,26,47,3444
2024-05-18,Uruçuca,63,67,3440
2024-05-19,Uruçuca,67,56,3451
2024-05-20,Uruçuca,51,50,3452
2024-05-21,Uruçuca,74,25,3501
2024-05-22,Uruçuca,43,33,3511
2024-05-23,Uruçuca,57,63,3505
2024-05-24,Uruçuca,38,9,3534
2024-05-25,Uruçuca,41,58,3517
2024-05-26,Uruçuca,60,51,3526
2024-05-27,Uruçuca,44,25,3545
2024-05-28,Uruçuca,60,32,3573
2024-05-29,Uruçuca,93,53,3613
2024-05-30,Uruçuca,38,35,3616
2024-05-31,Uruçuca,48,41,3623
2024-06-01,Uruçuca,72,47,3648
2024-06-02,Uruçuca,35,73,3610
2024-06-03,Uruçuca,50,56,3604
2024-06-04,Uruçuca,37,50,3591
2024-06-05,Uruçuca,56,16,3631
2024-06-06,Uruçuca,90,64,3657
2024-06-07,Uruçuca,42,28,3671
2024-06-08,Uruçuca,56,46,3681
2024-06-09,Uruçuca,57,47,3691
2024-06-10,Uruçuca,60,66,3685
2024-06-11,Uruçuca,61,29,3717
2024-06-12,Uruçuca,77,69,3725
2024-06-13,Uruçuca,113,28,3810
2024-06-14,Uruçuca,54,13,3851
2024-06-15,Uruçuca,61,36,3876
2024-06-16,Uruçuca,88,33,3931
2024-06-17,Uruçuca,16,37,3910
2024-06-18,Uruçuca,10,56,3864
2024-06-19,Uruçuca,8,45,3827
2024-06-20,Uruçuca,8,40,3795
2024-06-21,Uruçuca,82,50,3827
2024-06-22,Uruçuca,32,44,3815
2024-06-23,Uruçuca,50,52,3813
2024-06-24,Uruçuca,22,53,3782
2024-06-25,Uruçuca,0,35,3747
2024-06-26,Uruçuca,40,54,3733
2024-06-27,Uruçuca,50,23,3760
2024-06-28,Uruçuca,30,47,3743
2024-06-29,Uruçuca,48,36,3755
2024-06-30,Uruçuca,40,55,3740
2024-07-01,Uruçuca,39,43,3736
2024-07-02,Uruçuca,93,23,3806
2024-07-03,Uruçuca,12,56,3762
2024-07-04,Uruçuca,36,40,3758
2024-07-05,Uruçuca,34,41,3751
2024-07-06,Uruçuca,81,57,3775
2024-07-07,Uruçuca,67,23,3819
2024-07-08,Uruçuca,26,2,3843
2024-07-09,Uruçuca,33,59,3817
2024-07-10,Uruçuca,60,41,3836
2024-07-11,Uruçuca,49,34,3851
2024-07-12,Uruçuca,54,56,3849
2024-07-13,Uruçuca,17,49,3817
2024-07-14,Uruçuca,68,38,3847
2024-07-15,Uruçuca,64,87,3824
2024-07-16,Uruçuca,47,50,3821
2024-07-17,Uruçuca,35,47,3809
2024-07-18,Uruçuca,59,47,3821
2024-07-19,Uruçuca,29,48,3802
2024-07-20,Uruçuca,79,51,3830
2024-07-21,Uruçuca,69,41,3858
2024-07-22,Uruçuca,64,49,3873
2024-07-23,Uruçuca,30,49,3854
2024-07-24,Uruçuca,30,35,3849
2024-07-25,Uruçuca,53,49,3853
2024-07-26,Uruçuca,26,60,3819
2024-07-27,Uruçuca,61,34,3846
2024-07-28,Uruçuca,19,42,3823
2024-07-29,Uruçuca,41,46,3818
2024-07-30,Uruçuca,42,14,3846
2024-07-31,Uruçuca,42,40,3848
2024-08-01,Uruçuca,62,34,3876
2024-08-02,Uruçuca,83,16,3943
2024-08-03,Uruçuca,76,41,3978
2024-08-04,Uruçuca,67,46,3999
2024-08-05,Uruçuca,72,39,4032
2024-08-06,Uruçuca,28,66,3994
2024-08-07,Uruçuca,47,48,3993
2024-08-08,Uruçuca,74,29,4038
2024-08-09,Uruçuca,61,36,4063
2024-08-10,Uruçuca,47,46,4064
2024-08-11,Uruçuca,19,33,4050
2024-08-12,Uruçuca,77,58,4069
2024-08-13,Uruçuca,48,48,4069
2024-08-14,Uruçuca,44,65,4048
2024-08-15,Uruçuca,45,48,4045
2024-08-16,Uruçuca,72,33,4084
2024-08-17,Uruçuca,81,22,4143
2024-08-18,Uruçuca,82,39,4186
2024-08-19,Uruçuca,45,16,4215
2024-08-20,Uruçuca,40,29,4226
2024-08-21,Uruçuca,37,42,4221
2024-08-22,Uruçuca,69,48,4242
2024-08-23,Uruçuca,56,28,4270
2024-08-24,Uruçuca,32,71,4231
2024-08-25,Uruçuca,35,69,4197
2024-08-26,Uruçuca,45,45,4197
2024-08-27,Uruçuca,71,64,4204
2024-08-28,Uruçuca,47,39,4212
2024-08-29,Uruçuca,48,50,4210
2024-08-30,Uruçuca,67,45,4232
2024-08-31,Uruçuca,62,69,4225
2024-09-01,Uruçuca,57,49,4233
2024-09-02,Uruçuca,19,5,4247
2024-09-03,Uruçuca,57,43,4261
2024-09-04,Uruçuca,39,48,4252
2024-09-05,Uruçuca,48,61,4239
2024-09-06,Uruçuca,51,33,4257
2024-09-07,Uruçuca,69,41,4285
2024-09-08,Uruçuca,60,37,4308
2024-09-09,Uruçuca,37,46,4299
2024-09-10,Uruçuca,50,52,4297
2024-09-11,Uruçuca,44,17,4324
2024-09-12,Uruçuca,41,56,4309
2024-09-13,Uruçuca,44,41,4312
2024-09-14,Uruçuca,69,34,4347
2024-09-15,Uruçuca,19,42,4324
2024-09-16,Uruçuca,40,30,4334
2024-09-17,Uruçuca,46,52,4328
2024-09-18,Uruçuca,49,49,4328
2024-09-19,Uruçuca,86,39,4375
2024-09-20,Uruçuca,55,37,4393
2024-09-21,Uruçuca,33,36,4390
2024-09-22,Uruçuca,40,50,4380
2024-09-23,Uruçuca,96,34,4442
2024-09-24,Uruçuca,41,44,4439
2024-09-25,Uruçuca,57,48,4448
2024-09-26,Uruçuca,75,8,4515
2024-09-27,Uruçuca,2,37,4480
2024-09-28,Uruçuca,71,21,4530
2024-09-29,Uruçuca,0,53,4477
2024-09-30,Uruçuca,54,28,4503
2024-10-01,Uruçuca,30,30,4503
2024-10-02,Uruçuca,52,35,4520
2024-10-03,Uruçuca,59,2,4577
2024-10-04,Uruçuca,32,28,4581
2024-10-05,Uruçuca,44,36,4589
2024-10-06,Uruçuca,65,17,4637
2024-10-07,Uruçuca,50,53,4634
2024-10-08,Uruçuca,87,37,4684
2024-10-09,Uruçuca,56,17,4723
2024-10-10,Uruçuca,2,57,4668
2024-10-11,Uruçuca,49,62,4655
2024-10-12,Uruçuca,22,52,4625
2024-10-13,Uruçuca,87,51,4661
2024-10-14,Uruçuca,55,45,4671
2024-10-15,Uruçuca,18,65,4624
2024-10-16,Uruçuca,37,52,4609
2024-10-17,Uruçuca,18,27,4600
2024-10-18,Uruçuca,78,39,4639
2024-10-19,Uruçuca,79,43,4675
2024-10-20,Uruçuca,13,58,4630
2024-10-21,Uruçuca,38,55,4613
2024-10-22,Uruçuca,50,21,4642
2024-10-23,Uruçuca,53,77,4618
2024-10-24,Uruçuca,59,44,4633
2024-10-25,Uruçuca,71,48,4656
2024-10-26,Uruçuca,54,28,4682
2024-10-27,Uruçuca,54,60,4676
2024-10-28,Uruçuca,33,66,4643
2024-10-29,Uruçuca,48,31,4660
2024-10-30,Uruçuca,69,40,4689
2024-10-31,Uruçuca,65,40,4714
2024-11-01,Uruçuca,48,52,4710
2024-11-02,Uruçuca,55,15,4750
2024-11-03,Uruçuca,27,58,4719
2024-11-04,Uruçuca,47,37,4729
2024-11-05,Uruçuca,22,28,4723
2024-11-06,Uruçuca,9,43,4689
2024-11-07,Uruçuca,38,30,4697
2024-11-08,Uruçuca,48,50,4695
2024-11-09,Uruçuca,91,22,4764
2024-11-10,Uruçuca,73,59,4778
2024-11-11,Uruçuca,34,48,4764
2024-11-12,Uruçuca,40,47,4757
2024-11-13,Uruçuca,80,54,4783
2024-11-14,Uruçuca,60,38,4805
2024-11-15,Uruçuca,20,41,4784
2024-11-16,Uruçuca,74,22,4836
2024-11-17,Uruçuca,28,46,4818
2024-11-18,Uruçuca,30,33,4815
2024-11-19,Uruçuca,41,24,4832
2024-11-20,Uruçuca,30,55,4807
2024-11-21,Uruçuca,23,21,4809
2024-11-22,Uruçuca,37,55,4791
2024-11-23,Uruçuca,46,38,4799
2024-11-24,Uruçuca,50,18,4831
2024-11-25,Uruçuca,59,50,4840
2024-11-26,Uruçuca,41,60,4821
2024-11-27,Uruçuca,27,61,4787
2024-11-28,Uruçuca,53,39,4801
2024-11-29,Uruçuca,49,43,4807
2024-11-30,Uruçuca,74,28,4853
2024-12-01,Uruçuca,34,60,4827
2024-12-02,Uruçuca,38,58,4807
2024-12-03,Uruçuca,83,38,4852
2024-12-04,Uruçuca,63,27,4888
2024-12-05,Uruçuca,65,47,4906
2024-12-06,Uruçuca,59,35,4930
2024-12-07,Uruçuca,16,52,4894
2024-12-08,Uruçuca,8,40,4862
2024-12-09,Uruçuca,68,47,4883
2024-12-10,Uruçuca,88,60,4911
2024-12-11,Uruçuca,36,45,4902
2024-12-12,Uruçuca,49,21,4930
2024-12-13,Uruçuca,31,36,4925
2024-12-14,Uruçuca,9,45,4889
2024-12-15,Uruçuca,45,19,4915
2024-12-16,Uruçuca,58,55,4918
2024-12-17,Uruçuca,54,40,4932
2024-12-18,Uruçuca,61,55,4938
2024-12-19,Uruçuca,56,32,4962
2024-12-20,Uruçuca,55,62,4955
2024-12-21,Uruçuca,38,76,4917
2024-12-22,Uruçuca,39,45,4911
2024-12-23,Uruçuca,36,48,4899
2024-12-24,Uruçuca,15,36,4878
2024-12-25,Uruçuca,28,47,4859
2024-12-26,Uruçuca,69,54,4874
2024-12-27,Uruçuca,2,75,4801
2024-12-28,Uruçuca,55,33,4823
2024-12-29,Uruçuca,53,47,4829
2024-12-30,Uruçuca,36,47,4818
2024-12-31,Uruçuca,37,38,4817
